id,titulo,texto,categoria,palabras_clave,nivel_dificultad,fuente
1,Seguridad en entornos cloud multi-cuenta,Guía de referencia rápida: Seguridad en entornos cloud multi-cuenta. Consulta práctica sobre autoescalado y CloudTrail para resolver problemas cotidianos en Cloud. Incluye snippets de código y comandos útiles.,Cloud,"autoescalado, CloudTrail, Fargate, costos, redes, GKE",Avanzado,Libro técnico
2,WebAssembly para procesamiento de alto rendimiento,"Workshop práctico: WebAssembly para procesamiento de alto rendimiento. Trabajaremos con Chart.js, Prettier y componentes en un proyecto real. Se enfoca en la resolución de problemas comunes y la aplicación de patrones de diseño en Frontend. Se incluyen ejemplos usando SPA y Figma.",Frontend,"Chart.js, Prettier, componentes, responsive",Básico,GitHub
3,Almacenamiento de objetos con Amazon S3,"Documentación técnica sobre Almacenamiento de objetos con Amazon S3. Se detallan las configuraciones necesarias para multi-cloud y Azure DevOps, incluyendo troubleshooting de errores frecuentes y estrategias de monitoreo. El contenido también cubre errores comunes al usar S3.",Cloud,"multi-cloud, Azure DevOps, migración",Avanzado,Webinar
4,Estrategias de rollback en despliegues productivos,"Deep dive sobre Estrategias de rollback en despliegues productivos. Analizamos arquitecturas modernas que combinan SRE y Azure. Se incluyen diagramas, flujos de trabajo y recomendaciones para escalar soluciones en DevOps.",DevOps,"SRE, Azure, Linkerd",Avanzado,YouTube
5,Diseño responsive con Tailwind CSS,"Masterclass de Diseño responsive con Tailwind CSS. Se profundiza en Three.js, Prettier y Babel con casos de estudio de empresas reales. Incluye ejercicios de Frontend para consolidar el aprendizaje.",Frontend,"Three.js, Prettier, Babel, Angular, GSAP, ESLint",Avanzado,GitHub
6,Cumplimiento normativo GDPR en aplicaciones,"En este contenido se presentan los conceptos fundamentales de Cumplimiento normativo GDPR en aplicaciones. Se explica paso a paso cómo implementar soluciones prácticas utilizando IDS y SIEM, con ejemplos de código y casos de uso reales. Ideal para profesionales que buscan fortalecer sus habilidades en Seguridad.",Seguridad,"IDS, SIEM, auditoría, blockchain, SAML",Avanzado,Conferencia
7,Seguridad en contenedores y Kubernetes,"Workshop práctico: Seguridad en contenedores y Kubernetes. Trabajaremos con Splunk, Zero Trust y SSO en un proyecto real. Se enfoca en la resolución de problemas comunes y la aplicación de patrones de diseño en Seguridad. Finalmente, se revisan consideraciones de rendimiento con MFA.",Seguridad,"Splunk, Zero Trust, SSO, Metasploit",Avanzado,Webinar
8,Configuración de Vite para proyectos modernos,"Workshop práctico: Configuración de Vite para proyectos modernos. Trabajaremos con Jest, Ant Design y Framer Motion en un proyecto real. Se enfoca en la resolución de problemas comunes y la aplicación de patrones de diseño en Frontend.",Frontend,"Jest, Ant Design, Framer Motion, hooks, GSAP, Bootstrap",Intermedio,Libro técnico
9,Animaciones y transiciones CSS avanzadas,Charla técnica: Animaciones y transiciones CSS avanzadas. Se discuten los desafíos de implementar Angular y Svelte en escenarios reales de Frontend. Lecciones aprendidas y errores a evitar. El contenido también cubre errores comunes al usar PWA.,Frontend,"Angular, Svelte, D3.js, Less, Chakra UI, Figma",Básico,YouTube
10,Migración de datos entre sistemas heterogéneos,"Documentación técnica sobre Migración de datos entre sistemas heterogéneos. Se detallan las configuraciones necesarias para views y TimescaleDB, incluyendo troubleshooting de errores frecuentes y estrategias de monitoreo. Se proporciona una comparativa entre ClickHouse y replicación.",Bases de Datos,"views, TimescaleDB, transacciones",Intermedio,Curso online
11,Implementación de GraphQL en APIs existentes,"Documentación técnica sobre Implementación de GraphQL en APIs existentes. Se detallan las configuraciones necesarias para PHP y Hibernate, incluyendo troubleshooting de errores frecuentes y estrategias de monitoreo. Incluye una sección de preguntas frecuentes sobre FastAPI.",Backend,"PHP, Hibernate, JUnit, Express",Avanzado,Wiki interna
12,Análisis estadístico con Statsmodels,"Documentación técnica sobre Análisis estadístico con Statsmodels. Se detallan las configuraciones necesarias para Pandas y MLflow, incluyendo troubleshooting de errores frecuentes y estrategias de monitoreo.",Data Science,"Pandas, MLflow, Seaborn, BERT, Streamlit, Transformers",Básico,Tutorial
13,Infraestructura de claves públicas PKI,"Artículo técnico sobre Infraestructura de claves públicas PKI. Comparativa entre auditoría y IPS: ventajas, desventajas y casos de uso. Incluye benchmarks y recomendaciones para elegir la herramienta adecuada en Seguridad. Finalmente, se revisan consideraciones de rendimiento con GDPR.",Seguridad,"auditoría, IPS, Nmap",Avanzado,GitHub
14,Server Side Rendering con Next.js,"Introducción práctica a Server Side Rendering con Next.js. Este material cubre desde los conceptos básicos hasta técnicas avanzadas usando TypeScript, Babel y Webpack. Perfecto para equipos que inician proyectos de Frontend. Se proporciona una comparativa entre SSR y componentes.",Frontend,"TypeScript, Babel, Webpack, Prettier",Intermedio,Curso online
15,Despliegue de aplicaciones en Google Cloud Run,"Serie de tutoriales: Despliegue de aplicaciones en Google Cloud Run. Parte 1: configuración inicial con Cloud Functions. Parte 2: integración con serverless. Parte 3: despliegue y monitoreo en producción. Enfoque práctico para Cloud. Finalmente, se revisan consideraciones de rendimiento con Cloud Functions.",Cloud,"Cloud Functions, serverless, costos",Básico,Webinar
16,Detección de intrusiones con IDS/IPS,Serie de tutoriales: Detección de intrusiones con IDS/IPS. Parte 1: configuración inicial con IDS. Parte 2: integración con Kali Linux. Parte 3: despliegue y monitoreo en producción. Enfoque práctico para Seguridad. Se incluyen ejemplos usando RBAC y Kali Linux.,Seguridad,"IDS, Kali Linux, ransomware",Básico,Curso online
17,Bases de datos de grafos con Neo4j,"Guía completa sobre Bases de datos de grafos con Neo4j. Aprenderás a trabajar con BASE, NoSQL y data warehouse desde cero. Incluye ejercicios prácticos, mejores prácticas de la industria y consejos para evitar errores comunes en proyectos de Bases de Datos. Incluye una sección de preguntas frecuentes sobre views.",Bases de Datos,"BASE, NoSQL, data warehouse, Neo4j, Firestore",Intermedio,Libro técnico
18,Testing de APIs con Jest y Supertest,"Guía completa sobre Testing de APIs con Jest y Supertest. Aprenderás a trabajar con ASP.NET, gRPC y Hibernate desde cero. Incluye ejercicios prácticos, mejores prácticas de la industria y consejos para evitar errores comunes en proyectos de Backend. Se proporciona una comparativa entre Hibernate y API REST.",Backend,"ASP.NET, gRPC, Hibernate, JUnit, XML",Avanzado,Webinar
19,Arquitecturas de alta disponibilidad en Azure,"En este contenido se presentan los conceptos fundamentales de Arquitecturas de alta disponibilidad en Azure. Se explica paso a paso cómo implementar soluciones prácticas utilizando EKS y GCP, con ejemplos de código y casos de uso reales. Ideal para profesionales que buscan fortalecer sus habilidades en Cloud.",Cloud,"EKS, GCP, EventBridge, VPC",Básico,YouTube
20,Detección de intrusiones con IDS/IPS,"Análisis de caso: Detección de intrusiones con IDS/IPS. Revisamos cómo una empresa migró de Metasploit a CSRF en su plataforma de Seguridad. Métricas, resultados y recomendaciones. Finalmente, se revisan consideraciones de rendimiento con SSL.",Seguridad,"Metasploit, CSRF, PKI, IPS, SSL",Avanzado,Conferencia
21,Replicación y alta disponibilidad en MySQL,"Guía completa sobre Replicación y alta disponibilidad en MySQL. Aprenderás a trabajar con Oracle, triggers y data warehouse desde cero. Incluye ejercicios prácticos, mejores prácticas de la industria y consejos para evitar errores comunes en proyectos de Bases de Datos. Finalmente, se revisan consideraciones de rendimiento con NoSQL.",Bases de Datos,"Oracle, triggers, data warehouse, normalización, NoSQL",Básico,Wiki interna
22,Tuning de rendimiento en Oracle y SQL Server,Charla técnica: Tuning de rendimiento en Oracle y SQL Server. Se discuten los desafíos de implementar MySQL y ETL en escenarios reales de Bases de Datos. Lecciones aprendidas y errores a evitar. Se proporciona una comparativa entre Oracle y SQL Server.,Bases de Datos,"MySQL, ETL, PL/SQL",Intermedio,YouTube
23,UI moderna con Jetpack Compose en Android,"Tutorial avanzado de UI moderna con Jetpack Compose en Android. Exploramos la integración de GetX con widgets para construir soluciones robustas. Se abordan temas como optimización, seguridad y mantenimiento en entornos de producción.",Mobile,"GetX, widgets, iOS, Core Data, SwiftUI",Intermedio,GitHub
24,Mensajería asíncrona con SQS y Pub/Sub,"Artículo técnico sobre Mensajería asíncrona con SQS y Pub/Sub. Comparativa entre SQS y Cloud SQL: ventajas, desventajas y casos de uso. Incluye benchmarks y recomendaciones para elegir la herramienta adecuada en Cloud. Finalmente, se revisan consideraciones de rendimiento con almacenamiento.",Cloud,"SQS, Cloud SQL, autoescalado, EventBridge, redes",Intermedio,YouTube
25,Server Side Rendering con Next.js,"Deep dive sobre Server Side Rendering con Next.js. Analizamos arquitecturas modernas que combinan Playwright y Storybook. Se incluyen diagramas, flujos de trabajo y recomendaciones para escalar soluciones en Frontend. Incluye una sección de preguntas frecuentes sobre Svelte.",Frontend,"Playwright, Storybook, Angular",Intermedio,Curso online
26,Estrategias de indexación para consultas rápidas,"Deep dive sobre Estrategias de indexación para consultas rápidas. Analizamos arquitecturas modernas que combinan SQLite y Cassandra. Se incluyen diagramas, flujos de trabajo y recomendaciones para escalar soluciones en Bases de Datos. Se incluyen ejemplos usando Redis y sharding.",Bases de Datos,"SQLite, Cassandra, CockroachDB, ACID",Básico,YouTube
27,Change Data Capture para sincronización en tiempo real,Serie de tutoriales: Change Data Capture para sincronización en tiempo real. Parte 1: configuración inicial con CAP theorem. Parte 2: integración con SQL Server. Parte 3: despliegue y monitoreo en producción. Enfoque práctico para Bases de Datos.,Bases de Datos,"CAP theorem, SQL Server, TimescaleDB, migración, NoSQL, MariaDB",Intermedio,Dev.to
28,Pipelines de ETL para proyectos de datos,"Análisis de caso: Pipelines de ETL para proyectos de datos. Revisamos cómo una empresa migró de PyTorch a Kubeflow en su plataforma de Data Science. Métricas, resultados y recomendaciones. Además, se discute la integración con Scikit-learn.",Data Science,"PyTorch, Kubeflow, CatBoost, ETL, Airflow",Avanzado,Blog técnico
29,Accesibilidad web: WCAG y buenas prácticas,"Guía completa sobre Accesibilidad web: WCAG y buenas prácticas. Aprenderás a trabajar con Redux, Jest y componentes desde cero. Incluye ejercicios prácticos, mejores prácticas de la industria y consejos para evitar errores comunes en proyectos de Frontend.",Frontend,"Redux, Jest, componentes, Storybook",Avanzado,GitHub
30,Migración de workloads on-premise a la nube,"Workshop práctico: Migración de workloads on-premise a la nube. Trabajaremos con AKS, redes y BigQuery en un proyecto real. Se enfoca en la resolución de problemas comunes y la aplicación de patrones de diseño en Cloud. Se proporciona una comparativa entre EC2 y Route 53.",Cloud,"AKS, redes, BigQuery, Cloud Functions, Fargate",Intermedio,Curso online
31,Bases de datos de grafos con Neo4j,"En este contenido se presentan los conceptos fundamentales de Bases de datos de grafos con Neo4j. Se explica paso a paso cómo implementar soluciones prácticas utilizando backup y sharding, con ejemplos de código y casos de uso reales. Ideal para profesionales que buscan fortalecer sus habilidades en Bases de Datos.",Bases de Datos,"backup, sharding, BASE",Intermedio,Webinar
32,Estrategias de backup y recuperación de desastres,"Documentación técnica sobre Estrategias de backup y recuperación de desastres. Se detallan las configuraciones necesarias para alta disponibilidad y costos, incluyendo troubleshooting de errores frecuentes y estrategias de monitoreo. Se incluyen ejemplos usando VPC y VPC.",Cloud,"alta disponibilidad, costos, SNS",Avanzado,YouTube
33,Estrategias de indexación para consultas rápidas,Charla técnica: Estrategias de indexación para consultas rápidas. Se discuten los desafíos de implementar indexación y Oracle en escenarios reales de Bases de Datos. Lecciones aprendidas y errores a evitar. Incluye una sección de preguntas frecuentes sobre indexación.,Bases de Datos,"indexación, Oracle, OLAP",Avanzado,YouTube
34,Gestión de secretos y variables en entornos cloud,"Análisis de caso: Gestión de secretos y variables en entornos cloud. Revisamos cómo una empresa migró de Grafana a monitoring en su plataforma de DevOps. Métricas, resultados y recomendaciones. El contenido también cubre errores comunes al usar Kubernetes.",DevOps,"Grafana, monitoring, SonarQube, HAProxy, Ansible",Básico,Conferencia
35,Manejo de errores y logging en aplicaciones backend,"Masterclass de Manejo de errores y logging en aplicaciones backend. Se profundiza en OpenAPI, token y .NET con casos de estudio de empresas reales. Incluye ejercicios de Backend para consolidar el aprendizaje. Incluye una sección de preguntas frecuentes sobre GraphQL.",Backend,"OpenAPI, token, .NET",Intermedio,Medium
36,Monitoreo y auditoría con CloudWatch y CloudTrail,Charla técnica: Monitoreo y auditoría con CloudWatch y CloudTrail. Se discuten los desafíos de implementar Route 53 y Cloud SQL en escenarios reales de Cloud. Lecciones aprendidas y errores a evitar. El contenido también cubre errores comunes al usar IAM.,Cloud,"Route 53, Cloud SQL, EventBridge, alta disponibilidad, redes",Avanzado,Documentación oficial
37,Phishing y concientización de usuarios,"Documentación técnica sobre Phishing y concientización de usuarios. Se detallan las configuraciones necesarias para compliance y blockchain, incluyendo troubleshooting de errores frecuentes y estrategias de monitoreo.",Seguridad,"compliance, blockchain, hashing, SAML, encriptación, Wireshark",Avanzado,Medium
38,Optimización de imágenes y lazy loading,Serie de tutoriales: Optimización de imágenes y lazy loading. Parte 1: configuración inicial con Svelte. Parte 2: integración con Playwright. Parte 3: despliegue y monitoreo en producción. Enfoque práctico para Frontend.,Frontend,"Svelte, Playwright, Ant Design, Chart.js, WebAssembly, Angular",Avanzado,Conferencia
39,Construcción de modelos de regresión con Scikit-learn,"En este contenido se presentan los conceptos fundamentales de Construcción de modelos de regresión con Scikit-learn. Se explica paso a paso cómo implementar soluciones prácticas utilizando machine learning y DVC, con ejemplos de código y casos de uso reales. Ideal para profesionales que buscan fortalecer sus habilidades en Data Science.",Data Science,"machine learning, DVC, GPT",Básico,GitHub
40,Animaciones fluidas con Framer Motion,Charla técnica: Animaciones fluidas con Framer Motion. Se discuten los desafíos de implementar Svelte y SPA en escenarios reales de Frontend. Lecciones aprendidas y errores a evitar. Se proporciona una comparativa entre Emotion y JavaScript.,Frontend,"Svelte, SPA, HTML5",Intermedio,Libro técnico
41,Autenticación multifactor MFA en sistemas críticos,"Análisis de caso: Autenticación multifactor MFA en sistemas críticos. Revisamos cómo una empresa migró de WAF a DDoS en su plataforma de Seguridad. Métricas, resultados y recomendaciones. Además, se discute la integración con IDS.",Seguridad,"WAF, DDoS, OWASP",Básico,Wiki interna
42,Optimización de imágenes y lazy loading,"Deep dive sobre Optimización de imágenes y lazy loading. Analizamos arquitecturas modernas que combinan Jest y Figma. Se incluyen diagramas, flujos de trabajo y recomendaciones para escalar soluciones en Frontend.",Frontend,"Jest, Figma, Chakra UI",Intermedio,Webinar
43,Replicación y alta disponibilidad en MySQL,"Charla técnica: Replicación y alta disponibilidad en MySQL. Se discuten los desafíos de implementar indexación y SQLite en escenarios reales de Bases de Datos. Lecciones aprendidas y errores a evitar. Finalmente, se revisan consideraciones de rendimiento con Cassandra.",Bases de Datos,"indexación, SQLite, PL/SQL, normalización, Oracle",Intermedio,Libro técnico
44,GitOps con ArgoCD para despliegues automatizados,"Tutorial avanzado de GitOps con ArgoCD para despliegues automatizados. Exploramos la integración de ArgoCD con Istio para construir soluciones robustas. Se abordan temas como optimización, seguridad y mantenimiento en entornos de producción. Finalmente, se revisan consideraciones de rendimiento con Envoy.",DevOps,"ArgoCD, Istio, Canary, Consul, New Relic, Jaeger",Avanzado,Webinar
45,Optimización de rendimiento en APIs Node.js,"Workshop práctico: Optimización de rendimiento en APIs Node.js. Trabajaremos con Gradle, Maven y PHP en un proyecto real. Se enfoca en la resolución de problemas comunes y la aplicación de patrones de diseño en Backend. Se proporciona una comparativa entre XML y Ruby on Rails.",Backend,"Gradle, Maven, PHP, base de datos, XML",Intermedio,Blog técnico
46,Manejo de formularios complejos en React,"Análisis de caso: Manejo de formularios complejos en React. Revisamos cómo una empresa migró de WebAssembly a Sass en su plataforma de Frontend. Métricas, resultados y recomendaciones.",Frontend,"WebAssembly, Sass, Service Workers, PWA",Básico,Wiki interna
47,Arquitectura de microservicios con Go y gRPC,"Introducción práctica a Arquitectura de microservicios con Go y gRPC. Este material cubre desde los conceptos básicos hasta técnicas avanzadas usando Entity Framework, ORM y MySQL. Perfecto para equipos que inician proyectos de Backend.",Backend,"Entity Framework, ORM, MySQL",Básico,Conferencia
48,Manejo de transacciones y concurrencia en bases de datos,"Proyecto guiado: Manejo de transacciones y concurrencia en bases de datos. Construye paso a paso una solución completa usando XML, Django y NestJS. Enfocado en Backend con código disponible en GitHub. Se proporciona una comparativa entre GraphQL y Swagger.",Backend,"XML, Django, NestJS, Kubernetes",Básico,Libro técnico
49,Autenticación multifactor MFA en sistemas críticos,"En este contenido se presentan los conceptos fundamentales de Autenticación multifactor MFA en sistemas críticos. Se explica paso a paso cómo implementar soluciones prácticas utilizando autorización y VPN, con ejemplos de código y casos de uso reales. Ideal para profesionales que buscan fortalecer sus habilidades en Seguridad. El contenido también cubre errores comunes al usar GDPR.",Seguridad,"autorización, VPN, vulnerabilidades, Wireshark, RBAC, PKI",Avanzado,Medium
50,Despliegue de servicios backend con Docker Compose,Serie de tutoriales: Despliegue de servicios backend con Docker Compose. Parte 1: configuración inicial con gRPC. Parte 2: integración con Dapper. Parte 3: despliegue y monitoreo en producción. Enfoque práctico para Backend. Se incluyen ejemplos usando Swagger y base de datos.,Backend,"gRPC, Dapper, Express, API REST, Gradle, Mockito",Intermedio,Wiki interna
51,Visualización de datos con D3.js y Chart.js,"Tutorial avanzado de Visualización de datos con D3.js y Chart.js. Exploramos la integración de componentes con accesibilidad para construir soluciones robustas. Se abordan temas como optimización, seguridad y mantenimiento en entornos de producción.",Frontend,"componentes, accesibilidad, Service Workers, Emotion, ESLint, Redux",Avanzado,Dev.to
52,Monitoreo de sistemas con Prometheus y Grafana,"Artículo técnico sobre Monitoreo de sistemas con Prometheus y Grafana. Comparativa entre Terraform y Ansible: ventajas, desventajas y casos de uso. Incluye benchmarks y recomendaciones para elegir la herramienta adecuada en DevOps. Se proporciona una comparativa entre Trivy y Terraform.",DevOps,"Terraform, Ansible, Consul, Istio",Intermedio,Dev.to
53,Automatización de infraestructura con Pulumi,Charla técnica: Automatización de infraestructura con Pulumi. Se discuten los desafíos de implementar monitoring y Trivy en escenarios reales de DevOps. Lecciones aprendidas y errores a evitar. Se incluyen ejemplos usando Vagrant y Docker.,DevOps,"monitoring, Trivy, Datadog, Fluentd, Ansible",Intermedio,Webinar
54,Análisis de tráfico de red con Wireshark,"Workshop práctico: Análisis de tráfico de red con Wireshark. Trabajaremos con malware, pentesting y criptografía en un proyecto real. Se enfoca en la resolución de problemas comunes y la aplicación de patrones de diseño en Seguridad. El contenido también cubre errores comunes al usar ABAC.",Seguridad,"malware, pentesting, criptografía, phishing, autenticación, Nmap",Avanzado,Blog técnico
55,Pipelines de ETL para proyectos de datos,"Masterclass de Pipelines de ETL para proyectos de datos. Se profundiza en Bokeh, Transformers y GPT con casos de estudio de empresas reales. Incluye ejercicios de Data Science para consolidar el aprendizaje.",Data Science,"Bokeh, Transformers, GPT, clasificación, NLTK",Avanzado,Conferencia
56,Comunicación asíncrona con RabbitMQ y Celery,"Proyecto guiado: Comunicación asíncrona con RabbitMQ y Celery. Construye paso a paso una solución completa usando Node.js, Redis y RESTful. Enfocado en Backend con código disponible en GitHub.",Backend,"Node.js, Redis, RESTful, FastAPI",Intermedio,Blog técnico
57,Gestión de logs centralizada con ELK Stack,"Tutorial avanzado de Gestión de logs centralizada con ELK Stack. Exploramos la integración de pipelines con infraestructura como código para construir soluciones robustas. Se abordan temas como optimización, seguridad y mantenimiento en entornos de producción.",DevOps,"pipelines, infraestructura como código, SonarQube, Nginx, Trivy, SRE",Avanzado,Libro técnico
58,Optimización de consultas SQL en PostgreSQL,"Introducción práctica a Optimización de consultas SQL en PostgreSQL. Este material cubre desde los conceptos básicos hasta técnicas avanzadas usando GraphQL, SQLAlchemy y JSON. Perfecto para equipos que inician proyectos de Backend. El contenido también cubre errores comunes al usar Kafka.",Backend,"GraphQL, SQLAlchemy, JSON, RESTful",Avanzado,Webinar
59,Análisis de sentimiento en redes sociales,"Artículo técnico sobre Análisis de sentimiento en redes sociales. Comparativa entre regresión y Scikit-learn: ventajas, desventajas y casos de uso. Incluye benchmarks y recomendaciones para elegir la herramienta adecuada en Data Science.",Data Science,"regresión, Scikit-learn, Altair, LightGBM",Avanzado,Curso online
60,Gestión de estado con Zustand en React,"Tutorial avanzado de Gestión de estado con Zustand en React. Exploramos la integración de Recoil con jQuery para construir soluciones robustas. Se abordan temas como optimización, seguridad y mantenimiento en entornos de producción. El contenido también cubre errores comunes al usar Styled Components.",Frontend,"Recoil, jQuery, HTML5, Three.js, TypeScript",Básico,Wiki interna
61,Modelado de datos para aplicaciones de escalabilidad masiva,"En este contenido se presentan los conceptos fundamentales de Modelado de datos para aplicaciones de escalabilidad masiva. Se explica paso a paso cómo implementar soluciones prácticas utilizando BASE y Firestore, con ejemplos de código y casos de uso reales. Ideal para profesionales que buscan fortalecer sus habilidades en Bases de Datos.",Bases de Datos,"BASE, Firestore, OLTP, Couchbase, ORM, Elasticsearch",Básico,Curso online
62,Pruebas unitarias en aplicaciones Kotlin,"Deep dive sobre Pruebas unitarias en aplicaciones Kotlin. Analizamos arquitecturas modernas que combinan Retrofit y Room. Se incluyen diagramas, flujos de trabajo y recomendaciones para escalar soluciones en Mobile. Se proporciona una comparativa entre Core Data y Google Maps.",Mobile,"Retrofit, Room, Expo, MVVM, API móvil, ARKit",Intermedio,Wiki interna
63,Arquitecturas de alta disponibilidad en Azure,Charla técnica: Arquitecturas de alta disponibilidad en Azure. Se discuten los desafíos de implementar cloud native y EKS en escenarios reales de Cloud. Lecciones aprendidas y errores a evitar. Se proporciona una comparativa entre S3 y VPC.,Cloud,"cloud native, EKS, AKS",Intermedio,Blog técnico
64,Modelado de datos para aplicaciones de escalabilidad masiva,"Artículo técnico sobre Modelado de datos para aplicaciones de escalabilidad masiva. Comparativa entre Couchbase y sharding: ventajas, desventajas y casos de uso. Incluye benchmarks y recomendaciones para elegir la herramienta adecuada en Bases de Datos. Se incluyen ejemplos usando BASE y SQL.",Bases de Datos,"Couchbase, sharding, SQL Server, OLTP, views",Avanzado,Documentación oficial
65,Optimización de imágenes y lazy loading,"Guía de referencia rápida: Optimización de imágenes y lazy loading. Consulta práctica sobre Three.js y Sass para resolver problemas cotidianos en Frontend. Incluye snippets de código y comandos útiles. Además, se discute la integración con Prettier.",Frontend,"Three.js, Sass, Material UI",Avanzado,YouTube
66,Optimización de rendimiento en APIs Node.js,"Workshop práctico: Optimización de rendimiento en APIs Node.js. Trabajaremos con Dapper, Postman y Kafka en un proyecto real. Se enfoca en la resolución de problemas comunes y la aplicación de patrones de diseño en Backend.",Backend,"Dapper, Postman, Kafka",Intermedio,Wiki interna
67,Bases de datos de series temporales con InfluxDB,"Deep dive sobre Bases de datos de series temporales con InfluxDB. Analizamos arquitecturas modernas que combinan normalización y SQLite. Se incluyen diagramas, flujos de trabajo y recomendaciones para escalar soluciones en Bases de Datos.",Bases de Datos,"normalización, SQLite, transacciones, data warehouse, Couchbase",Básico,Documentación oficial
68,Arquitectura de microservicios con Go y gRPC,"Análisis de caso: Arquitectura de microservicios con Go y gRPC. Revisamos cómo una empresa migró de Kubernetes a Django en su plataforma de Backend. Métricas, resultados y recomendaciones. Incluye una sección de preguntas frecuentes sobre C#.",Backend,"Kubernetes, Django, Jest, Java",Básico,Blog técnico
69,Análisis exploratorio de datos con Pandas,"Introducción práctica a Análisis exploratorio de datos con Pandas. Este material cubre desde los conceptos básicos hasta técnicas avanzadas usando Scikit-learn, OpenCV y SciPy. Perfecto para equipos que inician proyectos de Data Science. Se proporciona una comparativa entre Plotly y Scikit-learn.",Data Science,"Scikit-learn, OpenCV, SciPy, LightGBM, Streamlit",Intermedio,Medium
70,Arquitectura Zero Trust para empresas,"Tutorial avanzado de Arquitectura Zero Trust para empresas. Exploramos la integración de SAML con OAuth para construir soluciones robustas. Se abordan temas como optimización, seguridad y mantenimiento en entornos de producción.",Seguridad,"SAML, OAuth, RBAC, auditoría, vulnerabilidades",Avanzado,Medium
71,Monitoreo y auditoría con CloudWatch y CloudTrail,"Introducción práctica a Monitoreo y auditoría con CloudWatch y CloudTrail. Este material cubre desde los conceptos básicos hasta técnicas avanzadas usando autoescalado, CloudWatch y serverless. Perfecto para equipos que inician proyectos de Cloud. Además, se discute la integración con Route 53.",Cloud,"autoescalado, CloudWatch, serverless, cloud native, Cloud Functions",Básico,Libro técnico
72,Almacenamiento de objetos con Amazon S3,"En este contenido se presentan los conceptos fundamentales de Almacenamiento de objetos con Amazon S3. Se explica paso a paso cómo implementar soluciones prácticas utilizando Lambda y Pub/Sub, con ejemplos de código y casos de uso reales. Ideal para profesionales que buscan fortalecer sus habilidades en Cloud.",Cloud,"Lambda, Pub/Sub, SNS",Intermedio,YouTube
73,Consumo de APIs REST desde aplicaciones móviles,"Análisis de caso: Consumo de APIs REST desde aplicaciones móviles. Revisamos cómo una empresa migró de Cordova a Android en su plataforma de Mobile. Métricas, resultados y recomendaciones.",Mobile,"Cordova, Android, Dart",Básico,GitHub
74,Seguridad en almacenamiento local de apps,"Deep dive sobre Seguridad en almacenamiento local de apps. Analizamos arquitecturas modernas que combinan Cordova y Retrofit. Se incluyen diagramas, flujos de trabajo y recomendaciones para escalar soluciones en Mobile. Finalmente, se revisan consideraciones de rendimiento con Android Studio.",Mobile,"Cordova, Retrofit, Provider, Biometría, BLoC",Avanzado,YouTube
75,CDN y distribución de contenido con CloudFront,"Workshop práctico: CDN y distribución de contenido con CloudFront. Trabajaremos con multi-cloud, S3 y cloud native en un proyecto real. Se enfoca en la resolución de problemas comunes y la aplicación de patrones de diseño en Cloud. Se proporciona una comparativa entre VPC y CloudTrail.",Cloud,"multi-cloud, S3, cloud native",Avanzado,YouTube
76,Patrón BLoC en aplicaciones Dart,"En este contenido se presentan los conceptos fundamentales de Patrón BLoC en aplicaciones Dart. Se explica paso a paso cómo implementar soluciones prácticas utilizando Flutter y Google Maps, con ejemplos de código y casos de uso reales. Ideal para profesionales que buscan fortalecer sus habilidades en Mobile. El contenido también cubre errores comunes al usar Google Play.",Mobile,"Flutter, Google Maps, Firebase, Xcode, Swift",Avanzado,YouTube
77,Desarrollo híbrido con Ionic y Capacitor,"Curso intensivo de Desarrollo híbrido con Ionic y Capacitor. Domina Jetpack Compose, GPS y iOS a través de proyectos prácticos. Al finalizar, serás capaz de diseñar e implementar soluciones profesionales en el área de Mobile. Se proporciona una comparativa entre widgets y API móvil.",Mobile,"Jetpack Compose, GPS, iOS, Capacitor",Básico,GitHub
78,Animaciones fluidas con Framer Motion,"Proyecto guiado: Animaciones fluidas con Framer Motion. Construye paso a paso una solución completa usando Zustand, componentes y Emotion. Enfocado en Frontend con código disponible en GitHub. Incluye una sección de preguntas frecuentes sobre Styled Components.",Frontend,"Zustand, componentes, Emotion",Básico,Medium
79,Estrategias de indexación para consultas rápidas,"Tutorial avanzado de Estrategias de indexación para consultas rápidas. Exploramos la integración de pgAdmin con TimescaleDB para construir soluciones robustas. Se abordan temas como optimización, seguridad y mantenimiento en entornos de producción. Incluye una sección de preguntas frecuentes sobre sharding.",Bases de Datos,"pgAdmin, TimescaleDB, procedimientos almacenados",Intermedio,Libro técnico
80,Migración de datos entre sistemas heterogéneos,"Tutorial avanzado de Migración de datos entre sistemas heterogéneos. Exploramos la integración de MongoDB con Elasticsearch para construir soluciones robustas. Se abordan temas como optimización, seguridad y mantenimiento en entornos de producción. Finalmente, se revisan consideraciones de rendimiento con particionamiento.",Bases de Datos,"MongoDB, Elasticsearch, CAP theorem",Básico,Medium
81,Gestión de secretos y variables en entornos cloud,"Deep dive sobre Gestión de secretos y variables en entornos cloud. Analizamos arquitecturas modernas que combinan Envoy y Helm. Se incluyen diagramas, flujos de trabajo y recomendaciones para escalar soluciones en DevOps. Incluye una sección de preguntas frecuentes sobre logs.",DevOps,"Envoy, Helm, escalabilidad, CI/CD",Intermedio,Webinar
82,Diseño de sistemas de diseño con Storybook,"Workshop práctico: Diseño de sistemas de diseño con Storybook. Trabajaremos con Angular, Chakra UI y Sass en un proyecto real. Se enfoca en la resolución de problemas comunes y la aplicación de patrones de diseño en Frontend. El contenido también cubre errores comunes al usar WebAssembly.",Frontend,"Angular, Chakra UI, Sass, Webpack, GSAP",Intermedio,Tutorial
83,Replicación y alta disponibilidad en MySQL,"Deep dive sobre Replicación y alta disponibilidad en MySQL. Analizamos arquitecturas modernas que combinan T-SQL y Elasticsearch. Se incluyen diagramas, flujos de trabajo y recomendaciones para escalar soluciones en Bases de Datos. Se incluyen ejemplos usando DynamoDB y Redis.",Bases de Datos,"T-SQL, Elasticsearch, CDC, consultas",Avanzado,Wiki interna
84,Optimización de pipelines CI/CD para velocidad,Serie de tutoriales: Optimización de pipelines CI/CD para velocidad. Parte 1: configuración inicial con Linux. Parte 2: integración con Prometheus. Parte 3: despliegue y monitoreo en producción. Enfoque práctico para DevOps. Incluye una sección de preguntas frecuentes sobre New Relic.,DevOps,"Linux, Prometheus, infraestructura como código, ArgoCD, despliegue, Travis CI",Intermedio,GitHub
85,Migración de workloads on-premise a la nube,"Documentación técnica sobre Migración de workloads on-premise a la nube. Se detallan las configuraciones necesarias para Azure DevOps y cloud native, incluyendo troubleshooting de errores frecuentes y estrategias de monitoreo. Finalmente, se revisan consideraciones de rendimiento con backup.",Cloud,"Azure DevOps, cloud native, Route 53",Avanzado,Wiki interna
86,Gestión de estado con Zustand en React,"Guía de referencia rápida: Gestión de estado con Zustand en React. Consulta práctica sobre CSS y Framer Motion para resolver problemas cotidianos en Frontend. Incluye snippets de código y comandos útiles. Además, se discute la integración con DOM.",Frontend,"CSS, Framer Motion, Tailwind",Intermedio,Medium
87,Monitoreo de aplicaciones con Datadog,"Introducción práctica a Monitoreo de aplicaciones con Datadog. Este material cubre desde los conceptos básicos hasta técnicas avanzadas usando Helm, Jenkins y Datadog. Perfecto para equipos que inician proyectos de DevOps. Se proporciona una comparativa entre SRE y Travis CI.",DevOps,"Helm, Jenkins, Datadog, Nginx, Istio, HAProxy",Intermedio,Tutorial
88,Infraestructura de claves públicas PKI,"Introducción práctica a Infraestructura de claves públicas PKI. Este material cubre desde los conceptos básicos hasta técnicas avanzadas usando Kali Linux, SAML y ABAC. Perfecto para equipos que inician proyectos de Seguridad. Se proporciona una comparativa entre Splunk y Nmap.",Seguridad,"Kali Linux, SAML, ABAC, WAF, CSRF",Básico,Libro técnico
89,Implementación de notificaciones push en iOS,"Análisis de caso: Implementación de notificaciones push en iOS. Revisamos cómo una empresa migró de Retrofit a Core Data en su plataforma de Mobile. Métricas, resultados y recomendaciones.",Mobile,"Retrofit, Core Data, Android, Realm, MVVM, Biometría",Intermedio,Medium
90,Patrón BLoC en aplicaciones Dart,"Proyecto guiado: Patrón BLoC en aplicaciones Dart. Construye paso a paso una solución completa usando Expo, Kotlin y Dart. Enfocado en Mobile con código disponible en GitHub.",Mobile,"Expo, Kotlin, Dart, GPS, Swift",Avanzado,Medium
91,Blockchain para autenticación descentralizada,"En este contenido se presentan los conceptos fundamentales de Blockchain para autenticación descentralizada. Se explica paso a paso cómo implementar soluciones prácticas utilizando SSO y ABAC, con ejemplos de código y casos de uso reales. Ideal para profesionales que buscan fortalecer sus habilidades en Seguridad. Se incluyen ejemplos usando phishing y autorización.",Seguridad,"SSO, ABAC, SAML, compliance, HSM",Intermedio,GitHub
92,Procedimientos almacenados y triggers en PostgreSQL,"Deep dive sobre Procedimientos almacenados y triggers en PostgreSQL. Analizamos arquitecturas modernas que combinan DBeaver y CAP theorem. Se incluyen diagramas, flujos de trabajo y recomendaciones para escalar soluciones en Bases de Datos. Además, se discute la integración con MongoDB.",Bases de Datos,"DBeaver, CAP theorem, normalización, transacciones, ACID, Firestore",Básico,Curso online
93,Orquestación de contenedores con EKS y GKE,"Curso intensivo de Orquestación de contenedores con EKS y GKE. Domina Cloud Run, EC2 y almacenamiento a través de proyectos prácticos. Al finalizar, serás capaz de diseñar e implementar soluciones profesionales en el área de Cloud. Incluye una sección de preguntas frecuentes sobre GKE.",Cloud,"Cloud Run, EC2, almacenamiento, redes, AKS, EKS",Intermedio,Webinar
94,Gestión de identidades y accesos con IAM,"Análisis de caso: Gestión de identidades y accesos con IAM. Revisamos cómo una empresa migró de migración a CloudWatch en su plataforma de Cloud. Métricas, resultados y recomendaciones. Incluye una sección de preguntas frecuentes sobre autoescalado.",Cloud,"migración, CloudWatch, S3, GCP, Azure DevOps",Avanzado,Wiki interna
95,Configuración de firewalls y reglas de acceso,"Masterclass de Configuración de firewalls y reglas de acceso. Se profundiza en IPS, Splunk y auditoría con casos de estudio de empresas reales. Incluye ejercicios de Seguridad para consolidar el aprendizaje.",Seguridad,"IPS, Splunk, auditoría, SAML",Intermedio,Webinar
96,Migración de workloads on-premise a la nube,"Proyecto guiado: Migración de workloads on-premise a la nube. Construye paso a paso una solución completa usando multi-cloud, SQS y alta disponibilidad. Enfocado en Cloud con código disponible en GitHub.",Cloud,"multi-cloud, SQS, alta disponibilidad, GKE, autoescalado",Básico,Wiki interna
97,Diseño responsive con Tailwind CSS,"Artículo técnico sobre Diseño responsive con Tailwind CSS. Comparativa entre GSAP y Sass: ventajas, desventajas y casos de uso. Incluye benchmarks y recomendaciones para elegir la herramienta adecuada en Frontend.",Frontend,"GSAP, Sass, PWA, Prettier, Tailwind, Recoil",Avanzado,Documentación oficial
98,Construcción de interfaces con React y TypeScript,"Guía de referencia rápida: Construcción de interfaces con React y TypeScript. Consulta práctica sobre SSR y React para resolver problemas cotidianos en Frontend. Incluye snippets de código y comandos útiles. Finalmente, se revisan consideraciones de rendimiento con Bootstrap.",Frontend,"SSR, React, ESLint, Material UI, JavaScript, Jest",Avanzado,Webinar
99,Búsqueda full-text con Elasticsearch,"Charla técnica: Búsqueda full-text con Elasticsearch. Se discuten los desafíos de implementar CockroachDB y indexación en escenarios reales de Bases de Datos. Lecciones aprendidas y errores a evitar. Además, se discute la integración con PL/SQL.",Bases de Datos,"CockroachDB, indexación, procedimientos almacenados",Avanzado,Curso online
100,Optimización de consultas SQL en PostgreSQL,"Artículo técnico sobre Optimización de consultas SQL en PostgreSQL. Comparativa entre ORM y Ruby on Rails: ventajas, desventajas y casos de uso. Incluye benchmarks y recomendaciones para elegir la herramienta adecuada en Backend.",Backend,"ORM, Ruby on Rails, JSON, base de datos",Avanzado,Libro técnico
101,Procesamiento distribuido con Dask,"Deep dive sobre Procesamiento distribuido con Dask. Analizamos arquitecturas modernas que combinan análisis de datos y Scikit-learn. Se incluyen diagramas, flujos de trabajo y recomendaciones para escalar soluciones en Data Science. Incluye una sección de preguntas frecuentes sobre visualización.",Data Science,"análisis de datos, Scikit-learn, CatBoost, Python, Transformers, PyTorch",Intermedio,Blog técnico
102,Protección DDoS con WAF y CDN,"Masterclass de Protección DDoS con WAF y CDN. Se profundiza en OpenID, OAuth y ciberseguridad con casos de estudio de empresas reales. Incluye ejercicios de Seguridad para consolidar el aprendizaje. El contenido también cubre errores comunes al usar ABAC.",Seguridad,"OpenID, OAuth, ciberseguridad, OWASP",Intermedio,Dev.to
103,Inyección de dependencias en NestJS,Guía de referencia rápida: Inyección de dependencias en NestJS. Consulta práctica sobre microservicios y token para resolver problemas cotidianos en Backend. Incluye snippets de código y comandos útiles. Se incluyen ejemplos usando gRPC y Node.js.,Backend,"microservicios, token, Docker, base de datos, Node.js, Jest",Básico,YouTube
104,CDN y distribución de contenido con CloudFront,"Curso intensivo de CDN y distribución de contenido con CloudFront. Domina GKE, SNS y Pub/Sub a través de proyectos prácticos. Al finalizar, serás capaz de diseñar e implementar soluciones profesionales en el área de Cloud. Incluye una sección de preguntas frecuentes sobre Cloud Functions.",Cloud,"GKE, SNS, Pub/Sub, redes",Básico,GitHub
105,Despliegue de aplicaciones en Google Cloud Run,Serie de tutoriales: Despliegue de aplicaciones en Google Cloud Run. Parte 1: configuración inicial con Cloud Functions. Parte 2: integración con S3. Parte 3: despliegue y monitoreo en producción. Enfoque práctico para Cloud.,Cloud,"Cloud Functions, S3, Cloud SQL",Avanzado,Documentación oficial
106,Optimización de rendimiento en APIs Node.js,"Guía completa sobre Optimización de rendimiento en APIs Node.js. Aprenderás a trabajar con microservicios, Postman y Kubernetes desde cero. Incluye ejercicios prácticos, mejores prácticas de la industria y consejos para evitar errores comunes en proyectos de Backend. Se proporciona una comparativa entre JUnit y Mockito.",Backend,"microservicios, Postman, Kubernetes",Intermedio,GitHub
107,Acceso a hardware: cámara y GPS en Flutter,"En este contenido se presentan los conceptos fundamentales de Acceso a hardware: cámara y GPS en Flutter. Se explica paso a paso cómo implementar soluciones prácticas utilizando Dart y API móvil, con ejemplos de código y casos de uso reales. Ideal para profesionales que buscan fortalecer sus habilidades en Mobile. Además, se discute la integración con SwiftUI.",Mobile,"Dart, API móvil, SQLite, Riverpod, Android, Firebase",Avanzado,Tutorial
108,Construcción de modelos de regresión con Scikit-learn,"Análisis de caso: Construcción de modelos de regresión con Scikit-learn. Revisamos cómo una empresa migró de Airflow a NLP en su plataforma de Data Science. Métricas, resultados y recomendaciones. Se incluyen ejemplos usando Keras y Keras.",Data Science,"Airflow, NLP, clustering, Spark, ETL, Keras",Avanzado,Blog técnico
109,Estrategias de backup y recuperación de desastres,"Proyecto guiado: Estrategias de backup y recuperación de desastres. Construye paso a paso una solución completa usando backup, cloud native y migración. Enfocado en Cloud con código disponible en GitHub.",Cloud,"backup, cloud native, migración, autoescalado",Avanzado,Medium
110,Estrategias de rollback en despliegues productivos,"Masterclass de Estrategias de rollback en despliegues productivos. Se profundiza en Packer, Linux y Terraform con casos de estudio de empresas reales. Incluye ejercicios de DevOps para consolidar el aprendizaje. Incluye una sección de preguntas frecuentes sobre Vagrant.",DevOps,"Packer, Linux, Terraform, logs, infraestructura como código",Básico,Libro técnico
111,Automatización de infraestructura con Pulumi,"Workshop práctico: Automatización de infraestructura con Pulumi. Trabajaremos con bash, HAProxy y Jenkins en un proyecto real. Se enfoca en la resolución de problemas comunes y la aplicación de patrones de diseño en DevOps. Incluye una sección de preguntas frecuentes sobre Jaeger.",DevOps,"bash, HAProxy, Jenkins, Terraform, Pulumi, Vagrant",Avanzado,GitHub
112,Cumplimiento normativo GDPR en aplicaciones,"Análisis de caso: Cumplimiento normativo GDPR en aplicaciones. Revisamos cómo una empresa migró de encriptación a ciberseguridad en su plataforma de Seguridad. Métricas, resultados y recomendaciones. El contenido también cubre errores comunes al usar XSS.",Seguridad,"encriptación, ciberseguridad, autenticación, SSO, XSS",Básico,YouTube
113,Seguridad en entornos cloud multi-cuenta,"Tutorial avanzado de Seguridad en entornos cloud multi-cuenta. Exploramos la integración de costos con alta disponibilidad para construir soluciones robustas. Se abordan temas como optimización, seguridad y mantenimiento en entornos de producción. Se proporciona una comparativa entre alta disponibilidad y Cloud Storage.",Cloud,"costos, alta disponibilidad, Pub/Sub, RDS, CloudWatch",Básico,Libro técnico
114,Implementación de GraphQL en APIs existentes,"Documentación técnica sobre Implementación de GraphQL en APIs existentes. Se detallan las configuraciones necesarias para GraphQL y Entity Framework, incluyendo troubleshooting de errores frecuentes y estrategias de monitoreo. Se proporciona una comparativa entre Spring Boot y RabbitMQ.",Backend,"GraphQL, Entity Framework, Maven, OpenAPI, .NET",Básico,Dev.to
115,Bases de datos de grafos con Neo4j,"Tutorial avanzado de Bases de datos de grafos con Neo4j. Exploramos la integración de PostgreSQL con replicación para construir soluciones robustas. Se abordan temas como optimización, seguridad y mantenimiento en entornos de producción. Incluye una sección de preguntas frecuentes sobre pgAdmin.",Bases de Datos,"PostgreSQL, replicación, Couchbase, ORM, SQLite",Básico,Curso online
116,Pruebas unitarias en aplicaciones Kotlin,"Proyecto guiado: Pruebas unitarias en aplicaciones Kotlin. Construye paso a paso una solución completa usando Ionic, Provider y push notifications. Enfocado en Mobile con código disponible en GitHub.",Mobile,"Ionic, Provider, push notifications, Xcode, Android Studio, Kotlin",Intermedio,Libro técnico
117,Análisis de sentimiento en redes sociales,"Tutorial avanzado de Análisis de sentimiento en redes sociales. Exploramos la integración de Pandas con Transformers para construir soluciones robustas. Se abordan temas como optimización, seguridad y mantenimiento en entornos de producción.",Data Science,"Pandas, Transformers, Kubeflow, visualización, Gradio, Prefect",Intermedio,Tutorial
118,Procesamiento distribuido con Dask,"Artículo técnico sobre Procesamiento distribuido con Dask. Comparativa entre spaCy y LightGBM: ventajas, desventajas y casos de uso. Incluye benchmarks y recomendaciones para elegir la herramienta adecuada en Data Science. Finalmente, se revisan consideraciones de rendimiento con Keras.",Data Science,"spaCy, LightGBM, OpenCV",Avanzado,Tutorial
119,Consumo de APIs GraphQL desde el frontend,"Introducción práctica a Consumo de APIs GraphQL desde el frontend. Este material cubre desde los conceptos básicos hasta técnicas avanzadas usando HTML5, Next.js y accesibilidad. Perfecto para equipos que inician proyectos de Frontend. Incluye una sección de preguntas frecuentes sobre Vue.js.",Frontend,"HTML5, Next.js, accesibilidad, UI/UX, Recoil, JavaScript",Avanzado,Libro técnico
120,Creación de APIs REST escalables con Spring Boot,"Documentación técnica sobre Creación de APIs REST escalables con Spring Boot. Se detallan las configuraciones necesarias para Jest y Postman, incluyendo troubleshooting de errores frecuentes y estrategias de monitoreo.",Backend,"Jest, Postman, Ruby on Rails, Java, Python, Laravel",Intermedio,Curso online
121,Modelos de boosting con XGBoost y LightGBM,Guía de referencia rápida: Modelos de boosting con XGBoost y LightGBM. Consulta práctica sobre Streamlit y DVC para resolver problemas cotidianos en Data Science. Incluye snippets de código y comandos útiles. Se proporciona una comparativa entre deep learning y GPT.,Data Science,"Streamlit, DVC, Kubeflow, Airflow, TensorFlow, modelos",Básico,Wiki interna
122,Escaneo de vulnerabilidades con Trivy,"Documentación técnica sobre Escaneo de vulnerabilidades con Trivy. Se detallan las configuraciones necesarias para GitLab CI y Nginx, incluyendo troubleshooting de errores frecuentes y estrategias de monitoreo. Además, se discute la integración con escalabilidad.",DevOps,"GitLab CI, Nginx, Pulumi, Terraform, CircleCI",Básico,Dev.to
123,Estrategias de backup y recuperación de desastres,"Workshop práctico: Estrategias de backup y recuperación de desastres. Trabajaremos con Azure DevOps, DynamoDB y EC2 en un proyecto real. Se enfoca en la resolución de problemas comunes y la aplicación de patrones de diseño en Cloud. Se proporciona una comparativa entre autoescalado y AWS.",Cloud,"Azure DevOps, DynamoDB, EC2, Cloud Run, IAM, backup",Avanzado,Blog técnico
124,Gestión de secretos y variables en entornos cloud,"Masterclass de Gestión de secretos y variables en entornos cloud. Se profundiza en ArgoCD, Linux y ELK Stack con casos de estudio de empresas reales. Incluye ejercicios de DevOps para consolidar el aprendizaje. El contenido también cubre errores comunes al usar Consul.",DevOps,"ArgoCD, Linux, ELK Stack",Avanzado,Blog técnico
125,Procesamiento de Big Data con Apache Spark,"Guía completa sobre Procesamiento de Big Data con Apache Spark. Aprenderás a trabajar con regresión, Keras y análisis de datos desde cero. Incluye ejercicios prácticos, mejores prácticas de la industria y consejos para evitar errores comunes en proyectos de Data Science. Además, se discute la integración con LightGBM.",Data Science,"regresión, Keras, análisis de datos",Intermedio,GitHub
126,Series temporales y forecasting,"Documentación técnica sobre Series temporales y forecasting. Se detallan las configuraciones necesarias para DVC y Dask, incluyendo troubleshooting de errores frecuentes y estrategias de monitoreo. Se incluyen ejemplos usando machine learning y regresión.",Data Science,"DVC, Dask, Python, XGBoost, Airflow",Avanzado,Wiki interna
127,Gestión de incidentes de seguridad en SOC,"Guía completa sobre Gestión de incidentes de seguridad en SOC. Aprenderás a trabajar con VPN, PKI y autorización desde cero. Incluye ejercicios prácticos, mejores prácticas de la industria y consejos para evitar errores comunes en proyectos de Seguridad. El contenido también cubre errores comunes al usar autorización.",Seguridad,"VPN, PKI, autorización, ciberseguridad",Intermedio,Webinar
128,Procesamiento de Big Data con Apache Spark,"Proyecto guiado: Procesamiento de Big Data con Apache Spark. Construye paso a paso una solución completa usando BERT, ETL y LightGBM. Enfocado en Data Science con código disponible en GitHub. Incluye una sección de preguntas frecuentes sobre MLflow.",Data Science,"BERT, ETL, LightGBM",Intermedio,Curso online
129,Estrategias de rollback en despliegues productivos,"Tutorial avanzado de Estrategias de rollback en despliegues productivos. Exploramos la integración de CircleCI con Travis CI para construir soluciones robustas. Se abordan temas como optimización, seguridad y mantenimiento en entornos de producción. El contenido también cubre errores comunes al usar ELK Stack.",DevOps,"CircleCI, Travis CI, ELK Stack, GitHub Actions, Jaeger",Intermedio,Conferencia
130,Estrategias de backup y recuperación de desastres,"Artículo técnico sobre Estrategias de backup y recuperación de desastres. Comparativa entre Route 53 y GKE: ventajas, desventajas y casos de uso. Incluye benchmarks y recomendaciones para elegir la herramienta adecuada en Cloud.",Cloud,"Route 53, GKE, DynamoDB, Fargate",Intermedio,Tutorial
131,Desarrollo de APIs con FastAPI y Python,"Curso intensivo de Desarrollo de APIs con FastAPI y Python. Domina Hibernate, Express y Ruby on Rails a través de proyectos prácticos. Al finalizar, serás capaz de diseñar e implementar soluciones profesionales en el área de Backend. El contenido también cubre errores comunes al usar Kubernetes.",Backend,"Hibernate, Express, Ruby on Rails, WebSocket, Mockito",Avanzado,Wiki interna
132,Manejo de formularios complejos en React,"Proyecto guiado: Manejo de formularios complejos en React. Construye paso a paso una solución completa usando SPA, JavaScript y Storybook. Enfocado en Frontend con código disponible en GitHub. El contenido también cubre errores comunes al usar Next.js.",Frontend,"SPA, JavaScript, Storybook, D3.js",Avanzado,Curso online
133,Bases de datos de grafos con Neo4j,"Deep dive sobre Bases de datos de grafos con Neo4j. Analizamos arquitecturas modernas que combinan replicación y ClickHouse. Se incluyen diagramas, flujos de trabajo y recomendaciones para escalar soluciones en Bases de Datos. Finalmente, se revisan consideraciones de rendimiento con Cassandra.",Bases de Datos,"replicación, ClickHouse, DynamoDB, Firestore, CDC, SQL",Básico,Webinar
134,Integración de Firebase en aplicaciones Android,Guía de referencia rápida: Integración de Firebase en aplicaciones Android. Consulta práctica sobre Google Play y App Store para resolver problemas cotidianos en Mobile. Incluye snippets de código y comandos útiles. Se incluyen ejemplos usando SwiftUI y Riverpod.,Mobile,"Google Play, App Store, Expo",Intermedio,Documentación oficial
135,Infraestructura como código con Terraform,"Guía completa sobre Infraestructura como código con Terraform. Aprenderás a trabajar con Vagrant, Istio y Trivy desde cero. Incluye ejercicios prácticos, mejores prácticas de la industria y consejos para evitar errores comunes en proyectos de DevOps.",DevOps,"Vagrant, Istio, Trivy, Nginx, Zipkin, New Relic",Básico,Dev.to
136,Documentación de APIs con Swagger y OpenAPI,"En este contenido se presentan los conceptos fundamentales de Documentación de APIs con Swagger y OpenAPI. Se explica paso a paso cómo implementar soluciones prácticas utilizando Jest y Hibernate, con ejemplos de código y casos de uso reales. Ideal para profesionales que buscan fortalecer sus habilidades en Backend. Además, se discute la integración con Entity Framework.",Backend,"Jest, Hibernate, Kubernetes, Postman, Mockito",Básico,Tutorial
137,Gestión de experimentos con MLflow,"Guía completa sobre Gestión de experimentos con MLflow. Aprenderás a trabajar con BERT, Dask y Keras desde cero. Incluye ejercicios prácticos, mejores prácticas de la industria y consejos para evitar errores comunes en proyectos de Data Science. Se proporciona una comparativa entre Prefect y visualización.",Data Science,"BERT, Dask, Keras",Básico,YouTube
138,Manejo de transacciones y concurrencia en bases de datos,"Masterclass de Manejo de transacciones y concurrencia en bases de datos. Se profundiza en JUnit, base de datos y .NET con casos de estudio de empresas reales. Incluye ejercicios de Backend para consolidar el aprendizaje. Además, se discute la integración con XML.",Backend,"JUnit, base de datos, .NET, WebSocket, PHP",Básico,Medium
139,Autenticación OAuth2 en APIs modernas,"Tutorial avanzado de Autenticación OAuth2 en APIs modernas. Exploramos la integración de Django con MySQL para construir soluciones robustas. Se abordan temas como optimización, seguridad y mantenimiento en entornos de producción. Incluye una sección de preguntas frecuentes sobre Node.js.",Backend,"Django, MySQL, token, Swagger, Maven",Avanzado,Documentación oficial
140,Persistencia local con Room y Core Data,"Workshop práctico: Persistencia local con Room y Core Data. Trabajaremos con push notifications, Google Maps y GPS en un proyecto real. Se enfoca en la resolución de problemas comunes y la aplicación de patrones de diseño en Mobile.",Mobile,"push notifications, Google Maps, GPS, App Store, Dart",Intermedio,Webinar
141,Consumo de APIs GraphQL desde el frontend,"Tutorial avanzado de Consumo de APIs GraphQL desde el frontend. Exploramos la integración de Emotion con D3.js para construir soluciones robustas. Se abordan temas como optimización, seguridad y mantenimiento en entornos de producción. Se proporciona una comparativa entre SSR y Emotion.",Frontend,"Emotion, D3.js, accesibilidad, Three.js, Babel",Intermedio,Documentación oficial
142,Fine-tuning de modelos BERT con Hugging Face,"Documentación técnica sobre Fine-tuning de modelos BERT con Hugging Face. Se detallan las configuraciones necesarias para Plotly y NLTK, incluyendo troubleshooting de errores frecuentes y estrategias de monitoreo. Se proporciona una comparativa entre Bokeh y Altair.",Data Science,"Plotly, NLTK, regresión",Intermedio,Medium
143,Tuning de rendimiento en Oracle y SQL Server,"Guía completa sobre Tuning de rendimiento en Oracle y SQL Server. Aprenderás a trabajar con TimescaleDB, SQLite y MySQL desde cero. Incluye ejercicios prácticos, mejores prácticas de la industria y consejos para evitar errores comunes en proyectos de Bases de Datos. Se proporciona una comparativa entre DynamoDB y normalización.",Bases de Datos,"TimescaleDB, SQLite, MySQL",Avanzado,Medium
144,Configuración de Vite para proyectos modernos,"Masterclass de Configuración de Vite para proyectos modernos. Se profundiza en Bootstrap, React y Redux con casos de estudio de empresas reales. Incluye ejercicios de Frontend para consolidar el aprendizaje. El contenido también cubre errores comunes al usar CSS.",Frontend,"Bootstrap, React, Redux, componentes, ESLint",Intermedio,GitHub
145,Integración de Firebase en aplicaciones Android,Charla técnica: Integración de Firebase en aplicaciones Android. Se discuten los desafíos de implementar Swift y Cordova en escenarios reales de Mobile. Lecciones aprendidas y errores a evitar. Se incluyen ejemplos usando API móvil y cámara.,Mobile,"Swift, Cordova, ARKit, Realm, Firebase, Xcode",Avanzado,Curso online
146,Sincronización offline en aplicaciones móviles,"Introducción práctica a Sincronización offline en aplicaciones móviles. Este material cubre desde los conceptos básicos hasta técnicas avanzadas usando SwiftUI, iOS y estado. Perfecto para equipos que inician proyectos de Mobile. Además, se discute la integración con Google Play.",Mobile,"SwiftUI, iOS, estado, Room",Intermedio,Documentación oficial
147,Uso de Redis como capa de caché en aplicaciones web,"En este contenido se presentan los conceptos fundamentales de Uso de Redis como capa de caché en aplicaciones web. Se explica paso a paso cómo implementar soluciones prácticas utilizando Swagger y .NET, con ejemplos de código y casos de uso reales. Ideal para profesionales que buscan fortalecer sus habilidades en Backend. Incluye una sección de preguntas frecuentes sobre Django.",Backend,"Swagger, .NET, Kubernetes, Mockito, Laravel, SOAP",Avanzado,Curso online
148,Orquestación de pipelines con Apache Airflow,"Charla técnica: Orquestación de pipelines con Apache Airflow. Se discuten los desafíos de implementar visualización y CatBoost en escenarios reales de Data Science. Lecciones aprendidas y errores a evitar. Además, se discute la integración con XGBoost.",Data Science,"visualización, CatBoost, NLP, Big Data, deep learning",Intermedio,GitHub
149,Gestión de estado en React Native con Redux,"Masterclass de Gestión de estado en React Native con Redux. Se profundiza en ARKit, API móvil y estado con casos de estudio de empresas reales. Incluye ejercicios de Mobile para consolidar el aprendizaje. Finalmente, se revisan consideraciones de rendimiento con Android Studio.",Mobile,"ARKit, API móvil, estado, widgets",Avanzado,Wiki interna
150,Criptografía asimétrica y firma digital,"Análisis de caso: Criptografía asimétrica y firma digital. Revisamos cómo una empresa migró de Kali Linux a HSM en su plataforma de Seguridad. Métricas, resultados y recomendaciones. Además, se discute la integración con Nmap.",Seguridad,"Kali Linux, HSM, Burp Suite, IDS, OWASP, firewall",Intermedio,Conferencia
151,Despliegue de servicios backend con Docker Compose,"Deep dive sobre Despliegue de servicios backend con Docker Compose. Analizamos arquitecturas modernas que combinan PostgreSQL y Django. Se incluyen diagramas, flujos de trabajo y recomendaciones para escalar soluciones en Backend. Incluye una sección de preguntas frecuentes sobre C#.",Backend,"PostgreSQL, Django, Kafka",Avanzado,Blog técnico
152,Gestión de estado con Zustand en React,"Proyecto guiado: Gestión de estado con Zustand en React. Construye paso a paso una solución completa usando Cypress, React y CSS. Enfocado en Frontend con código disponible en GitHub.",Frontend,"Cypress, React, CSS, Vue.js, SPA, Webpack",Avanzado,Libro técnico
153,Creación de APIs REST escalables con Spring Boot,"Guía completa sobre Creación de APIs REST escalables con Spring Boot. Aprenderás a trabajar con MySQL, Go y RESTful desde cero. Incluye ejercicios prácticos, mejores prácticas de la industria y consejos para evitar errores comunes en proyectos de Backend. Se proporciona una comparativa entre RabbitMQ y GraphQL.",Backend,"MySQL, Go, RESTful, Ruby on Rails",Avanzado,Webinar
154,Patrón CQRS para sistemas de alta carga,"Guía completa sobre Patrón CQRS para sistemas de alta carga. Aprenderás a trabajar con RESTful, SQLAlchemy y token desde cero. Incluye ejercicios prácticos, mejores prácticas de la industria y consejos para evitar errores comunes en proyectos de Backend. Incluye una sección de preguntas frecuentes sobre Laravel.",Backend,"RESTful, SQLAlchemy, token, Django",Básico,Documentación oficial
155,Diseño de esquemas relacionales eficientes,"Curso intensivo de Diseño de esquemas relacionales eficientes. Domina TimescaleDB, CDC y T-SQL a través de proyectos prácticos. Al finalizar, serás capaz de diseñar e implementar soluciones profesionales en el área de Bases de Datos. Incluye una sección de preguntas frecuentes sobre PL/SQL.",Bases de Datos,"TimescaleDB, CDC, T-SQL, normalización, MariaDB",Intermedio,Dev.to
156,Orquestación de contenedores con EKS y GKE,Charla técnica: Orquestación de contenedores con EKS y GKE. Se discuten los desafíos de implementar AWS y EKS en escenarios reales de Cloud. Lecciones aprendidas y errores a evitar. Se incluyen ejemplos usando Lambda y SQS.,Cloud,"AWS, EKS, Azure DevOps, redes, Azure, CloudWatch",Avanzado,Wiki interna
157,Manejo de transacciones y concurrencia en bases de datos,"Guía completa sobre Manejo de transacciones y concurrencia en bases de datos. Aprenderás a trabajar con base de datos, Dapper y WebSocket desde cero. Incluye ejercicios prácticos, mejores prácticas de la industria y consejos para evitar errores comunes en proyectos de Backend. Además, se discute la integración con OAuth2.",Backend,"base de datos, Dapper, WebSocket, Django",Intermedio,Blog técnico
158,Análisis exploratorio de datos con Pandas,"Deep dive sobre Análisis exploratorio de datos con Pandas. Analizamos arquitecturas modernas que combinan regresión y NumPy. Se incluyen diagramas, flujos de trabajo y recomendaciones para escalar soluciones en Data Science. Se proporciona una comparativa entre PyTorch y DVC.",Data Science,"regresión, NumPy, Scikit-learn, NLTK, Statsmodels",Avanzado,Curso online
159,Cumplimiento normativo GDPR en aplicaciones,"Tutorial avanzado de Cumplimiento normativo GDPR en aplicaciones. Exploramos la integración de WAF con PKI para construir soluciones robustas. Se abordan temas como optimización, seguridad y mantenimiento en entornos de producción.",Seguridad,"WAF, PKI, autenticación, certificados, hashing",Básico,Libro técnico
160,Despliegue de servicios backend con Docker Compose,"Deep dive sobre Despliegue de servicios backend con Docker Compose. Analizamos arquitecturas modernas que combinan FastAPI y Gradle. Se incluyen diagramas, flujos de trabajo y recomendaciones para escalar soluciones en Backend. Se proporciona una comparativa entre Hibernate y Entity Framework.",Backend,"FastAPI, Gradle, C#, Kubernetes, Entity Framework, Celery",Intermedio,Documentación oficial
161,Gestión de estado con Zustand en React,"Deep dive sobre Gestión de estado con Zustand en React. Analizamos arquitecturas modernas que combinan responsive y DOM. Se incluyen diagramas, flujos de trabajo y recomendaciones para escalar soluciones en Frontend. Se proporciona una comparativa entre Angular y Figma.",Frontend,"responsive, DOM, componentes, TypeScript",Básico,Libro técnico
162,Cloud Functions para procesamiento de eventos,"Introducción práctica a Cloud Functions para procesamiento de eventos. Este material cubre desde los conceptos básicos hasta técnicas avanzadas usando RDS, BigQuery y CloudTrail. Perfecto para equipos que inician proyectos de Cloud. Se proporciona una comparativa entre EKS y GKE.",Cloud,"RDS, BigQuery, CloudTrail, Lambda",Básico,Curso online
163,Configuración de firewalls y reglas de acceso,"En este contenido se presentan los conceptos fundamentales de Configuración de firewalls y reglas de acceso. Se explica paso a paso cómo implementar soluciones prácticas utilizando Nmap y compliance, con ejemplos de código y casos de uso reales. Ideal para profesionales que buscan fortalecer sus habilidades en Seguridad. Además, se discute la integración con vulnerabilidades.",Seguridad,"Nmap, compliance, VPN, encriptación, CSRF, OWASP",Avanzado,Curso online
164,Comunicación asíncrona con RabbitMQ y Celery,"Artículo técnico sobre Comunicación asíncrona con RabbitMQ y Celery. Comparativa entre Express y CQRS: ventajas, desventajas y casos de uso. Incluye benchmarks y recomendaciones para elegir la herramienta adecuada en Backend. Además, se discute la integración con Swagger.",Backend,"Express, CQRS, ORM, OAuth2, Laravel",Básico,Libro técnico
165,Gestión de certificados SSL/TLS,"Introducción práctica a Gestión de certificados SSL/TLS. Este material cubre desde los conceptos básicos hasta técnicas avanzadas usando OWASP, CSRF y pentesting. Perfecto para equipos que inician proyectos de Seguridad. Además, se discute la integración con criptografía.",Seguridad,"OWASP, CSRF, pentesting, MFA",Intermedio,Documentación oficial
166,Data warehousing con Amazon Redshift,"Deep dive sobre Data warehousing con Amazon Redshift. Analizamos arquitecturas modernas que combinan normalización y BASE. Se incluyen diagramas, flujos de trabajo y recomendaciones para escalar soluciones en Bases de Datos. Incluye una sección de preguntas frecuentes sobre TimescaleDB.",Bases de Datos,"normalización, BASE, OLAP, Cassandra, replicación, procedimientos almacenados",Intermedio,Dev.to
167,Implementación de GraphQL en APIs existentes,"Análisis de caso: Implementación de GraphQL en APIs existentes. Revisamos cómo una empresa migró de Kubernetes a RabbitMQ en su plataforma de Backend. Métricas, resultados y recomendaciones. Se proporciona una comparativa entre CQRS y OpenAPI.",Backend,"Kubernetes, RabbitMQ, Spring Boot",Avanzado,Curso online
168,Comunicación asíncrona con RabbitMQ y Celery,"Introducción práctica a Comunicación asíncrona con RabbitMQ y Celery. Este material cubre desde los conceptos básicos hasta técnicas avanzadas usando ORM, Express y base de datos. Perfecto para equipos que inician proyectos de Backend. Se proporciona una comparativa entre Go y MySQL.",Backend,"ORM, Express, base de datos, Postman, .NET, gRPC",Avanzado,Wiki interna
169,Teorema CAP y consistencia en bases distribuidas,"Proyecto guiado: Teorema CAP y consistencia en bases distribuidas. Construye paso a paso una solución completa usando Cassandra, TimescaleDB y PL/SQL. Enfocado en Bases de Datos con código disponible en GitHub. Finalmente, se revisan consideraciones de rendimiento con migración.",Bases de Datos,"Cassandra, TimescaleDB, PL/SQL, Oracle",Intermedio,Libro técnico
170,Server Side Rendering con Next.js,"Deep dive sobre Server Side Rendering con Next.js. Analizamos arquitecturas modernas que combinan CSS y Prettier. Se incluyen diagramas, flujos de trabajo y recomendaciones para escalar soluciones en Frontend. Se proporciona una comparativa entre Ant Design y CSS.",Frontend,"CSS, Prettier, Figma, componentes, Bootstrap",Intermedio,Conferencia
171,WebSockets para comunicación bidireccional,"Introducción práctica a WebSockets para comunicación bidireccional. Este material cubre desde los conceptos básicos hasta técnicas avanzadas usando NestJS, MySQL y ORM. Perfecto para equipos que inician proyectos de Backend.",Backend,"NestJS, MySQL, ORM, Maven, Express, Docker",Intermedio,YouTube
172,Automatización de despliegues con Ansible,Charla técnica: Automatización de despliegues con Ansible. Se discuten los desafíos de implementar Jaeger y CircleCI en escenarios reales de DevOps. Lecciones aprendidas y errores a evitar. Incluye una sección de preguntas frecuentes sobre Packer.,DevOps,"Jaeger, CircleCI, Vault, Trivy, Envoy, SonarQube",Intermedio,Blog técnico
173,Bases de datos de series temporales con InfluxDB,"Artículo técnico sobre Bases de datos de series temporales con InfluxDB. Comparativa entre MariaDB y ETL: ventajas, desventajas y casos de uso. Incluye benchmarks y recomendaciones para elegir la herramienta adecuada en Bases de Datos.",Bases de Datos,"MariaDB, ETL, OLAP, CockroachDB, Oracle",Intermedio,Blog técnico
174,Animaciones y transiciones CSS avanzadas,"Curso intensivo de Animaciones y transiciones CSS avanzadas. Domina Next.js, Framer Motion y React a través de proyectos prácticos. Al finalizar, serás capaz de diseñar e implementar soluciones profesionales en el área de Frontend.",Frontend,"Next.js, Framer Motion, React, Cypress",Intermedio,Curso online
175,Diseño de sistemas de diseño con Storybook,"Análisis de caso: Diseño de sistemas de diseño con Storybook. Revisamos cómo una empresa migró de responsive a GSAP en su plataforma de Frontend. Métricas, resultados y recomendaciones.",Frontend,"responsive, GSAP, Bootstrap",Básico,Dev.to
176,SRE: prácticas de ingeniería de confiabilidad,"En este contenido se presentan los conceptos fundamentales de SRE: prácticas de ingeniería de confiabilidad. Se explica paso a paso cómo implementar soluciones prácticas utilizando CI/CD y Jenkins, con ejemplos de código y casos de uso reales. Ideal para profesionales que buscan fortalecer sus habilidades en DevOps. Se incluyen ejemplos usando GitOps y Consul.",DevOps,"CI/CD, Jenkins, Packer, Nginx, SonarQube, Linux",Básico,Libro técnico
177,DNS y balanceo global con Route 53,"Masterclass de DNS y balanceo global con Route 53. Se profundiza en serverless, BigQuery y AWS con casos de estudio de empresas reales. Incluye ejercicios de Cloud para consolidar el aprendizaje.",Cloud,"serverless, BigQuery, AWS, Lambda, Azure DevOps",Avanzado,Medium
178,Infraestructura como código con Terraform,Guía de referencia rápida: Infraestructura como código con Terraform. Consulta práctica sobre Nginx y Prometheus para resolver problemas cotidianos en DevOps. Incluye snippets de código y comandos útiles. El contenido también cubre errores comunes al usar AWS.,DevOps,"Nginx, Prometheus, Travis CI",Intermedio,Wiki interna
179,Orquestación de contenedores con Kubernetes,"Proyecto guiado: Orquestación de contenedores con Kubernetes. Construye paso a paso una solución completa usando Grafana, Packer y Datadog. Enfocado en DevOps con código disponible en GitHub. El contenido también cubre errores comunes al usar infraestructura como código.",DevOps,"Grafana, Packer, Datadog, Zipkin, Travis CI, Prometheus",Básico,Dev.to
180,Migración de workloads on-premise a la nube,"Masterclass de Migración de workloads on-premise a la nube. Se profundiza en IAM, CloudTrail y Pub/Sub con casos de estudio de empresas reales. Incluye ejercicios de Cloud para consolidar el aprendizaje. Incluye una sección de preguntas frecuentes sobre Route 53.",Cloud,"IAM, CloudTrail, Pub/Sub, autoescalado, Cloud SQL, AKS",Avanzado,Blog técnico
181,Principales vulnerabilidades OWASP Top 10,"Workshop práctico: Principales vulnerabilidades OWASP Top 10. Trabajaremos con GDPR, auditoría y MFA en un proyecto real. Se enfoca en la resolución de problemas comunes y la aplicación de patrones de diseño en Seguridad.",Seguridad,"GDPR, auditoría, MFA, phishing, DDoS, SIEM",Avanzado,Documentación oficial
182,Feature engineering para mejorar modelos,"Tutorial avanzado de Feature engineering para mejorar modelos. Exploramos la integración de Altair con machine learning para construir soluciones robustas. Se abordan temas como optimización, seguridad y mantenimiento en entornos de producción. Finalmente, se revisan consideraciones de rendimiento con ETL.",Data Science,"Altair, machine learning, Plotly",Avanzado,Dev.to
183,Blockchain para autenticación descentralizada,"Guía completa sobre Blockchain para autenticación descentralizada. Aprenderás a trabajar con Metasploit, DDoS y OWASP desde cero. Incluye ejercicios prácticos, mejores prácticas de la industria y consejos para evitar errores comunes en proyectos de Seguridad. Se incluyen ejemplos usando Zero Trust y pentesting.",Seguridad,"Metasploit, DDoS, OWASP",Básico,Wiki interna
184,Seguridad en almacenamiento local de apps,"Workshop práctico: Seguridad en almacenamiento local de apps. Trabajaremos con App Store, Xcode y Dart en un proyecto real. Se enfoca en la resolución de problemas comunes y la aplicación de patrones de diseño en Mobile.",Mobile,"App Store, Xcode, Dart",Básico,Wiki interna
185,Migración de datos entre sistemas heterogéneos,"En este contenido se presentan los conceptos fundamentales de Migración de datos entre sistemas heterogéneos. Se explica paso a paso cómo implementar soluciones prácticas utilizando CAP theorem y SQL, con ejemplos de código y casos de uso reales. Ideal para profesionales que buscan fortalecer sus habilidades en Bases de Datos. El contenido también cubre errores comunes al usar CockroachDB.",Bases de Datos,"CAP theorem, SQL, TimescaleDB, MongoDB",Intermedio,Tutorial
186,Service mesh con Istio en Kubernetes,"Artículo técnico sobre Service mesh con Istio en Kubernetes. Comparativa entre Trivy y CircleCI: ventajas, desventajas y casos de uso. Incluye benchmarks y recomendaciones para elegir la herramienta adecuada en DevOps. El contenido también cubre errores comunes al usar Canary.",DevOps,"Trivy, CircleCI, Prometheus, infraestructura como código, Jaeger",Básico,Libro técnico
187,Despliegue de aplicaciones en Google Cloud Run,"Introducción práctica a Despliegue de aplicaciones en Google Cloud Run. Este material cubre desde los conceptos básicos hasta técnicas avanzadas usando backup, CloudWatch y CloudTrail. Perfecto para equipos que inician proyectos de Cloud.",Cloud,"backup, CloudWatch, CloudTrail, costos",Intermedio,Blog técnico
188,Configuración de Vite para proyectos modernos,"Artículo técnico sobre Configuración de Vite para proyectos modernos. Comparativa entre Prettier y Figma: ventajas, desventajas y casos de uso. Incluye benchmarks y recomendaciones para elegir la herramienta adecuada en Frontend. Se incluyen ejemplos usando Babel y WebAssembly.",Frontend,"Prettier, Figma, Chart.js, componentes, GSAP",Avanzado,Dev.to
189,Dashboards interactivos con Streamlit,"Análisis de caso: Dashboards interactivos con Streamlit. Revisamos cómo una empresa migró de Transformers a Seaborn en su plataforma de Data Science. Métricas, resultados y recomendaciones.",Data Science,"Transformers, Seaborn, Dask",Avanzado,Wiki interna
190,Seguridad en contenedores Docker,"Documentación técnica sobre Seguridad en contenedores Docker. Se detallan las configuraciones necesarias para Linkerd y Docker, incluyendo troubleshooting de errores frecuentes y estrategias de monitoreo. El contenido también cubre errores comunes al usar pipelines.",DevOps,"Linkerd, Docker, Trivy, Vault",Intermedio,Blog técnico
191,Optimización de planes de ejecución de consultas,"Masterclass de Optimización de planes de ejecución de consultas. Se profundiza en normalización, consultas y Firestore con casos de estudio de empresas reales. Incluye ejercicios de Bases de Datos para consolidar el aprendizaje. Se proporciona una comparativa entre MariaDB y particionamiento.",Bases de Datos,"normalización, consultas, Firestore, Oracle, indexación, CAP theorem",Básico,Dev.to
192,Introducción a servicios serverless en AWS Lambda,"Curso intensivo de Introducción a servicios serverless en AWS Lambda. Domina costos, Fargate y CloudFront a través de proyectos prácticos. Al finalizar, serás capaz de diseñar e implementar soluciones profesionales en el área de Cloud. Finalmente, se revisan consideraciones de rendimiento con DynamoDB.",Cloud,"costos, Fargate, CloudFront",Básico,Conferencia
193,Infraestructura de claves públicas PKI,"Curso intensivo de Infraestructura de claves públicas PKI. Domina auditoría, ABAC y HSM a través de proyectos prácticos. Al finalizar, serás capaz de diseñar e implementar soluciones profesionales en el área de Seguridad. Se proporciona una comparativa entre Metasploit y Kali Linux.",Seguridad,"auditoría, ABAC, HSM",Básico,Libro técnico
194,Publicación de apps en App Store y Google Play,"Artículo técnico sobre Publicación de apps en App Store y Google Play. Comparativa entre Android Studio y API móvil: ventajas, desventajas y casos de uso. Incluye benchmarks y recomendaciones para elegir la herramienta adecuada en Mobile.",Mobile,"Android Studio, API móvil, React Native, CameraX",Intermedio,Webinar
195,Progressive Web Apps con Service Workers,"Análisis de caso: Progressive Web Apps con Service Workers. Revisamos cómo una empresa migró de Figma a Chakra UI en su plataforma de Frontend. Métricas, resultados y recomendaciones. Se incluyen ejemplos usando Figma y Framer Motion.",Frontend,"Figma, Chakra UI, Recoil, Material UI",Básico,Medium
196,Clasificación de imágenes con PyTorch,"Introducción práctica a Clasificación de imágenes con PyTorch. Este material cubre desde los conceptos básicos hasta técnicas avanzadas usando Dask, Bokeh y Plotly. Perfecto para equipos que inician proyectos de Data Science.",Data Science,"Dask, Bokeh, Plotly, ETL, Spark, modelos",Intermedio,Libro técnico
197,Configuración de balanceadores de carga con Nginx,"Introducción práctica a Configuración de balanceadores de carga con Nginx. Este material cubre desde los conceptos básicos hasta técnicas avanzadas usando Vagrant, Zipkin y Envoy. Perfecto para equipos que inician proyectos de DevOps. Finalmente, se revisan consideraciones de rendimiento con Travis CI.",DevOps,"Vagrant, Zipkin, Envoy, Docker, monitoring, Packer",Avanzado,Medium
198,Server Side Rendering con Next.js,Charla técnica: Server Side Rendering con Next.js. Se discuten los desafíos de implementar responsive y Tailwind en escenarios reales de Frontend. Lecciones aprendidas y errores a evitar.,Frontend,"responsive, Tailwind, Bootstrap, Babel, Sass, HTML5",Básico,Dev.to
199,GitOps con ArgoCD para despliegues automatizados,"Análisis de caso: GitOps con ArgoCD para despliegues automatizados. Revisamos cómo una empresa migró de Linkerd a New Relic en su plataforma de DevOps. Métricas, resultados y recomendaciones. Incluye una sección de preguntas frecuentes sobre Linkerd.",DevOps,"Linkerd, New Relic, SonarQube, Packer, HAProxy",Intermedio,Webinar
200,Big Data en la nube con BigQuery y Redshift,"En este contenido se presentan los conceptos fundamentales de Big Data en la nube con BigQuery y Redshift. Se explica paso a paso cómo implementar soluciones prácticas utilizando migración y AWS, con ejemplos de código y casos de uso reales. Ideal para profesionales que buscan fortalecer sus habilidades en Cloud. Se incluyen ejemplos usando Route 53 y SQS.",Cloud,"migración, AWS, Azure DevOps",Básico,Conferencia
201,Optimización de planes de ejecución de consultas,Guía de referencia rápida: Optimización de planes de ejecución de consultas. Consulta práctica sobre CAP theorem y ETL para resolver problemas cotidianos en Bases de Datos. Incluye snippets de código y comandos útiles.,Bases de Datos,"CAP theorem, ETL, replicación, InfluxDB, Neo4j",Intermedio,Documentación oficial
202,Optimización del rendimiento en aplicaciones Angular,"En este contenido se presentan los conceptos fundamentales de Optimización del rendimiento en aplicaciones Angular. Se explica paso a paso cómo implementar soluciones prácticas utilizando CSS y Figma, con ejemplos de código y casos de uso reales. Ideal para profesionales que buscan fortalecer sus habilidades en Frontend.",Frontend,"CSS, Figma, Webpack, Storybook, Playwright, Jest",Intermedio,Tutorial
203,Procesamiento de lenguaje natural con spaCy,"Workshop práctico: Procesamiento de lenguaje natural con spaCy. Trabajaremos con ETL, machine learning y Python en un proyecto real. Se enfoca en la resolución de problemas comunes y la aplicación de patrones de diseño en Data Science. El contenido también cubre errores comunes al usar LightGBM.",Data Science,"ETL, machine learning, Python, Scikit-learn, spaCy",Avanzado,Conferencia
204,Orquestación de contenedores con Kubernetes,"Artículo técnico sobre Orquestación de contenedores con Kubernetes. Comparativa entre GitHub Actions y Pulumi: ventajas, desventajas y casos de uso. Incluye benchmarks y recomendaciones para elegir la herramienta adecuada en DevOps.",DevOps,"GitHub Actions, Pulumi, Istio, despliegue",Básico,Curso online
205,Configuración de pipelines CI/CD con GitHub Actions,"Proyecto guiado: Configuración de pipelines CI/CD con GitHub Actions. Construye paso a paso una solución completa usando Linkerd, GitOps y SonarQube. Enfocado en DevOps con código disponible en GitHub.",DevOps,"Linkerd, GitOps, SonarQube, Consul, Travis CI",Intermedio,Medium
206,Dashboards interactivos con Streamlit,"Tutorial avanzado de Dashboards interactivos con Streamlit. Exploramos la integración de LightGBM con Python para construir soluciones robustas. Se abordan temas como optimización, seguridad y mantenimiento en entornos de producción.",Data Science,"LightGBM, Python, Pillow",Intermedio,YouTube
207,Procesamiento de lenguaje natural con spaCy,"Guía de referencia rápida: Procesamiento de lenguaje natural con spaCy. Consulta práctica sobre clasificación y SciPy para resolver problemas cotidianos en Data Science. Incluye snippets de código y comandos útiles. Además, se discute la integración con GPT.",Data Science,"clasificación, SciPy, Hugging Face",Avanzado,Libro técnico
208,Visualización de datos con D3.js y Chart.js,"Proyecto guiado: Visualización de datos con D3.js y Chart.js. Construye paso a paso una solución completa usando Playwright, Framer Motion y Chakra UI. Enfocado en Frontend con código disponible en GitHub. Finalmente, se revisan consideraciones de rendimiento con accesibilidad.",Frontend,"Playwright, Framer Motion, Chakra UI, SPA, Three.js",Avanzado,Wiki interna
209,Bases de datos de grafos con Neo4j,"Artículo técnico sobre Bases de datos de grafos con Neo4j. Comparativa entre TimescaleDB y Neo4j: ventajas, desventajas y casos de uso. Incluye benchmarks y recomendaciones para elegir la herramienta adecuada en Bases de Datos.",Bases de Datos,"TimescaleDB, Neo4j, sharding, Redis, procedimientos almacenados, replicación",Básico,YouTube
210,Bases de datos serverless con DynamoDB y Firestore,"Proyecto guiado: Bases de datos serverless con DynamoDB y Firestore. Construye paso a paso una solución completa usando Route 53, Cloud Functions y EC2. Enfocado en Cloud con código disponible en GitHub. Se proporciona una comparativa entre autoescalado y EC2.",Cloud,"Route 53, Cloud Functions, EC2, Fargate, Lambda, GCP",Avanzado,Dev.to
211,Gestión de experimentos con MLflow,"Workshop práctico: Gestión de experimentos con MLflow. Trabajaremos con modelos, NLTK y OpenCV en un proyecto real. Se enfoca en la resolución de problemas comunes y la aplicación de patrones de diseño en Data Science. Finalmente, se revisan consideraciones de rendimiento con Plotly.",Data Science,"modelos, NLTK, OpenCV",Básico,GitHub
212,Diseño responsive con Tailwind CSS,"En este contenido se presentan los conceptos fundamentales de Diseño responsive con Tailwind CSS. Se explica paso a paso cómo implementar soluciones prácticas utilizando TypeScript y Service Workers, con ejemplos de código y casos de uso reales. Ideal para profesionales que buscan fortalecer sus habilidades en Frontend. Finalmente, se revisan consideraciones de rendimiento con Less.",Frontend,"TypeScript, Service Workers, WebAssembly, PWA, Babel",Básico,Medium
213,Persistencia local con Room y Core Data,"Tutorial avanzado de Persistencia local con Room y Core Data. Exploramos la integración de BLoC con push notifications para construir soluciones robustas. Se abordan temas como optimización, seguridad y mantenimiento en entornos de producción. El contenido también cubre errores comunes al usar Ionic.",Mobile,"BLoC, push notifications, Cordova",Básico,Blog técnico
214,Publicación de apps en App Store y Google Play,"Documentación técnica sobre Publicación de apps en App Store y Google Play. Se detallan las configuraciones necesarias para Swift y Jetpack Compose, incluyendo troubleshooting de errores frecuentes y estrategias de monitoreo.",Mobile,"Swift, Jetpack Compose, Retrofit, Xcode",Avanzado,Wiki interna
215,Monetización de apps con anuncios y suscripciones,"Proyecto guiado: Monetización de apps con anuncios y suscripciones. Construye paso a paso una solución completa usando Dart, ARKit y App Store. Enfocado en Mobile con código disponible en GitHub. Además, se discute la integración con Room.",Mobile,"Dart, ARKit, App Store",Básico,Wiki interna
216,Configuración de redes VPC en AWS,Charla técnica: Configuración de redes VPC en AWS. Se discuten los desafíos de implementar DynamoDB y VPC en escenarios reales de Cloud. Lecciones aprendidas y errores a evitar.,Cloud,"DynamoDB, VPC, SQS",Intermedio,Tutorial
217,Protección DDoS con WAF y CDN,"Tutorial avanzado de Protección DDoS con WAF y CDN. Exploramos la integración de OpenID con autorización para construir soluciones robustas. Se abordan temas como optimización, seguridad y mantenimiento en entornos de producción. Incluye una sección de preguntas frecuentes sobre ABAC.",Seguridad,"OpenID, autorización, phishing",Avanzado,Medium
218,Modelos de boosting con XGBoost y LightGBM,"Masterclass de Modelos de boosting con XGBoost y LightGBM. Se profundiza en TensorFlow, Altair y CatBoost con casos de estudio de empresas reales. Incluye ejercicios de Data Science para consolidar el aprendizaje. Finalmente, se revisan consideraciones de rendimiento con NumPy.",Data Science,"TensorFlow, Altair, CatBoost, deep learning, Statsmodels",Intermedio,Blog técnico
219,Monitoreo y auditoría con CloudWatch y CloudTrail,"Workshop práctico: Monitoreo y auditoría con CloudWatch y CloudTrail. Trabajaremos con CloudWatch, S3 y costos en un proyecto real. Se enfoca en la resolución de problemas comunes y la aplicación de patrones de diseño en Cloud.",Cloud,"CloudWatch, S3, costos, almacenamiento",Avanzado,Medium
220,Procesamiento de lenguaje natural con spaCy,"Análisis de caso: Procesamiento de lenguaje natural con spaCy. Revisamos cómo una empresa migró de Kubeflow a BERT en su plataforma de Data Science. Métricas, resultados y recomendaciones. Incluye una sección de preguntas frecuentes sobre Transformers.",Data Science,"Kubeflow, BERT, NLP, PyTorch",Intermedio,GitHub
221,Protección DDoS con WAF y CDN,"Documentación técnica sobre Protección DDoS con WAF y CDN. Se detallan las configuraciones necesarias para SQL injection y CSRF, incluyendo troubleshooting de errores frecuentes y estrategias de monitoreo. Se incluyen ejemplos usando certificados y SIEM.",Seguridad,"SQL injection, CSRF, compliance, OWASP",Intermedio,Libro técnico
222,Desarrollo de apps multiplataforma con Flutter,Guía de referencia rápida: Desarrollo de apps multiplataforma con Flutter. Consulta práctica sobre Provider y Dart para resolver problemas cotidianos en Mobile. Incluye snippets de código y comandos útiles.,Mobile,"Provider, Dart, Realm, widgets, Biometría",Básico,YouTube
223,WebSockets para comunicación bidireccional,"Documentación técnica sobre WebSockets para comunicación bidireccional. Se detallan las configuraciones necesarias para Dapper y Maven, incluyendo troubleshooting de errores frecuentes y estrategias de monitoreo. Se incluyen ejemplos usando Maven y GraphQL.",Backend,"Dapper, Maven, Mockito, ASP.NET, XML",Avanzado,Wiki interna
224,Análisis de sentimiento en redes sociales,"Tutorial avanzado de Análisis de sentimiento en redes sociales. Exploramos la integración de Streamlit con deep learning para construir soluciones robustas. Se abordan temas como optimización, seguridad y mantenimiento en entornos de producción. Se incluyen ejemplos usando MLflow y Streamlit.",Data Science,"Streamlit, deep learning, LightGBM, Airflow, GPT, MLflow",Intermedio,Blog técnico
225,Service mesh con Istio en Kubernetes,"Artículo técnico sobre Service mesh con Istio en Kubernetes. Comparativa entre Pulumi y Docker: ventajas, desventajas y casos de uso. Incluye benchmarks y recomendaciones para elegir la herramienta adecuada en DevOps.",DevOps,"Pulumi, Docker, ELK Stack",Avanzado,Wiki interna
226,Despliegue de aplicaciones en Google Cloud Run,"En este contenido se presentan los conceptos fundamentales de Despliegue de aplicaciones en Google Cloud Run. Se explica paso a paso cómo implementar soluciones prácticas utilizando AWS y CloudFront, con ejemplos de código y casos de uso reales. Ideal para profesionales que buscan fortalecer sus habilidades en Cloud. Además, se discute la integración con alta disponibilidad.",Cloud,"AWS, CloudFront, migración, cloud native, Route 53",Intermedio,Medium
227,Fine-tuning de modelos BERT con Hugging Face,"Workshop práctico: Fine-tuning de modelos BERT con Hugging Face. Trabajaremos con visualización, DVC y PyTorch en un proyecto real. Se enfoca en la resolución de problemas comunes y la aplicación de patrones de diseño en Data Science.",Data Science,"visualización, DVC, PyTorch, Airflow, XGBoost",Básico,Tutorial
228,Optimización de planes de ejecución de consultas,"Introducción práctica a Optimización de planes de ejecución de consultas. Este material cubre desde los conceptos básicos hasta técnicas avanzadas usando MariaDB, OLTP y MongoDB. Perfecto para equipos que inician proyectos de Bases de Datos. Se proporciona una comparativa entre consultas y Redis.",Bases de Datos,"MariaDB, OLTP, MongoDB",Básico,Libro técnico
229,Patrón BLoC en aplicaciones Dart,"Proyecto guiado: Patrón BLoC en aplicaciones Dart. Construye paso a paso una solución completa usando Expo, SwiftUI y Core Data. Enfocado en Mobile con código disponible en GitHub.",Mobile,"Expo, SwiftUI, Core Data, Kotlin",Intermedio,Medium
230,Patrones de diseño en aplicaciones backend,"Guía completa sobre Patrones de diseño en aplicaciones backend. Aprenderás a trabajar con NestJS, Jest y Ruby on Rails desde cero. Incluye ejercicios prácticos, mejores prácticas de la industria y consejos para evitar errores comunes en proyectos de Backend. Se proporciona una comparativa entre Node.js y GraphQL.",Backend,"NestJS, Jest, Ruby on Rails, token, Hibernate",Avanzado,Libro técnico
231,Testing end-to-end con Cypress y Playwright,Charla técnica: Testing end-to-end con Cypress y Playwright. Se discuten los desafíos de implementar hooks y Redux en escenarios reales de Frontend. Lecciones aprendidas y errores a evitar. El contenido también cubre errores comunes al usar Sass.,Frontend,"hooks, Redux, Chakra UI, Cypress",Avanzado,Wiki interna
232,Optimización de imágenes y lazy loading,"Curso intensivo de Optimización de imágenes y lazy loading. Domina Framer Motion, GSAP y responsive a través de proyectos prácticos. Al finalizar, serás capaz de diseñar e implementar soluciones profesionales en el área de Frontend. Finalmente, se revisan consideraciones de rendimiento con Tailwind.",Frontend,"Framer Motion, GSAP, responsive, Emotion",Intermedio,Curso online
233,Gestión de certificados SSL/TLS,"Workshop práctico: Gestión de certificados SSL/TLS. Trabajaremos con blockchain, Kali Linux y firewall en un proyecto real. Se enfoca en la resolución de problemas comunes y la aplicación de patrones de diseño en Seguridad.",Seguridad,"blockchain, Kali Linux, firewall, OAuth, Nmap",Avanzado,GitHub
234,Manejo de errores y logging en aplicaciones backend,"Workshop práctico: Manejo de errores y logging en aplicaciones backend. Trabajaremos con Swagger, ASP.NET y MySQL en un proyecto real. Se enfoca en la resolución de problemas comunes y la aplicación de patrones de diseño en Backend. Además, se discute la integración con NestJS.",Backend,"Swagger, ASP.NET, MySQL, GraphQL",Básico,Documentación oficial
235,Cloud Functions para procesamiento de eventos,"Artículo técnico sobre Cloud Functions para procesamiento de eventos. Comparativa entre Lambda y CloudFront: ventajas, desventajas y casos de uso. Incluye benchmarks y recomendaciones para elegir la herramienta adecuada en Cloud.",Cloud,"Lambda, CloudFront, cloud native",Avanzado,Tutorial
236,Big Data en la nube con BigQuery y Redshift,"Deep dive sobre Big Data en la nube con BigQuery y Redshift. Analizamos arquitecturas modernas que combinan AKS y costos. Se incluyen diagramas, flujos de trabajo y recomendaciones para escalar soluciones en Cloud.",Cloud,"AKS, costos, almacenamiento, Azure DevOps, SQS, migración",Avanzado,Tutorial
237,Seguridad en entornos cloud multi-cuenta,"Serie de tutoriales: Seguridad en entornos cloud multi-cuenta. Parte 1: configuración inicial con DynamoDB. Parte 2: integración con Azure. Parte 3: despliegue y monitoreo en producción. Enfoque práctico para Cloud. Además, se discute la integración con SQS.",Cloud,"DynamoDB, Azure, GKE, Cloud Functions, autoescalado",Intermedio,Libro técnico
238,Optimización de pipelines CI/CD para velocidad,"Introducción práctica a Optimización de pipelines CI/CD para velocidad. Este material cubre desde los conceptos básicos hasta técnicas avanzadas usando Docker, Trivy y Vagrant. Perfecto para equipos que inician proyectos de DevOps. Incluye una sección de preguntas frecuentes sobre pipelines.",DevOps,"Docker, Trivy, Vagrant",Avanzado,GitHub
239,GitOps con ArgoCD para despliegues automatizados,"Documentación técnica sobre GitOps con ArgoCD para despliegues automatizados. Se detallan las configuraciones necesarias para AWS y GitOps, incluyendo troubleshooting de errores frecuentes y estrategias de monitoreo. Además, se discute la integración con Envoy.",DevOps,"AWS, GitOps, monitoring, CI/CD, Trivy, Grafana",Básico,Conferencia
240,Estrategias de despliegue Blue-Green y Canary,"Guía completa sobre Estrategias de despliegue Blue-Green y Canary. Aprenderás a trabajar con Trivy, Envoy y Docker desde cero. Incluye ejercicios prácticos, mejores prácticas de la industria y consejos para evitar errores comunes en proyectos de DevOps. Se incluyen ejemplos usando New Relic y ArgoCD.",DevOps,"Trivy, Envoy, Docker, Datadog, CI/CD, Grafana",Avanzado,Libro técnico
241,Blockchain para autenticación descentralizada,"Guía completa sobre Blockchain para autenticación descentralizada. Aprenderás a trabajar con DDoS, MFA y Wireshark desde cero. Incluye ejercicios prácticos, mejores prácticas de la industria y consejos para evitar errores comunes en proyectos de Seguridad. El contenido también cubre errores comunes al usar Splunk.",Seguridad,"DDoS, MFA, Wireshark, OWASP",Básico,Blog técnico
242,Observabilidad distribuida con Jaeger,"Deep dive sobre Observabilidad distribuida con Jaeger. Analizamos arquitecturas modernas que combinan Vault y bash. Se incluyen diagramas, flujos de trabajo y recomendaciones para escalar soluciones en DevOps. Finalmente, se revisan consideraciones de rendimiento con Zipkin.",DevOps,"Vault, bash, Envoy, Kubernetes, CircleCI",Básico,Dev.to
243,Procedimientos almacenados y triggers en PostgreSQL,"Guía completa sobre Procedimientos almacenados y triggers en PostgreSQL. Aprenderás a trabajar con Oracle, SQL Server y indexación desde cero. Incluye ejercicios prácticos, mejores prácticas de la industria y consejos para evitar errores comunes en proyectos de Bases de Datos. Se incluyen ejemplos usando BASE y BASE.",Bases de Datos,"Oracle, SQL Server, indexación",Básico,Medium
244,Comunicación asíncrona con RabbitMQ y Celery,"Workshop práctico: Comunicación asíncrona con RabbitMQ y Celery. Trabajaremos con Docker, Hibernate y GraphQL en un proyecto real. Se enfoca en la resolución de problemas comunes y la aplicación de patrones de diseño en Backend.",Backend,"Docker, Hibernate, GraphQL",Avanzado,Webinar
245,Gestión de incidentes de seguridad en SOC,"Guía completa sobre Gestión de incidentes de seguridad en SOC. Aprenderás a trabajar con WAF, OAuth y certificados desde cero. Incluye ejercicios prácticos, mejores prácticas de la industria y consejos para evitar errores comunes en proyectos de Seguridad.",Seguridad,"WAF, OAuth, certificados, hashing, CSRF",Básico,Libro técnico
246,Visualización de datos con D3.js y Chart.js,"En este contenido se presentan los conceptos fundamentales de Visualización de datos con D3.js y Chart.js. Se explica paso a paso cómo implementar soluciones prácticas utilizando UI/UX y Three.js, con ejemplos de código y casos de uso reales. Ideal para profesionales que buscan fortalecer sus habilidades en Frontend.",Frontend,"UI/UX, Three.js, GSAP",Intermedio,Blog técnico
247,Optimización de imágenes y lazy loading,"Guía de referencia rápida: Optimización de imágenes y lazy loading. Consulta práctica sobre Less y Three.js para resolver problemas cotidianos en Frontend. Incluye snippets de código y comandos útiles. Además, se discute la integración con WebAssembly.",Frontend,"Less, Three.js, Sass, Figma",Intermedio,Libro técnico
248,Optimización de consultas SQL en PostgreSQL,"Tutorial avanzado de Optimización de consultas SQL en PostgreSQL. Exploramos la integración de microservicios con PostgreSQL para construir soluciones robustas. Se abordan temas como optimización, seguridad y mantenimiento en entornos de producción. Se incluyen ejemplos usando SQLAlchemy y SQLAlchemy.",Backend,"microservicios, PostgreSQL, Kafka, C#",Intermedio,Dev.to
249,Optimización de costos en entornos cloud,"Masterclass de Optimización de costos en entornos cloud. Se profundiza en redes, almacenamiento y CloudWatch con casos de estudio de empresas reales. Incluye ejercicios de Cloud para consolidar el aprendizaje.",Cloud,"redes, almacenamiento, CloudWatch, Cloud Functions",Intermedio,Webinar
250,Gestión de secretos y variables en entornos cloud,Charla técnica: Gestión de secretos y variables en entornos cloud. Se discuten los desafíos de implementar Trivy y HAProxy en escenarios reales de DevOps. Lecciones aprendidas y errores a evitar. El contenido también cubre errores comunes al usar bash.,DevOps,"Trivy, HAProxy, Docker, GitLab CI, New Relic, Travis CI",Básico,Tutorial
251,Modelado de datos para aplicaciones de escalabilidad masiva,"Masterclass de Modelado de datos para aplicaciones de escalabilidad masiva. Se profundiza en NoSQL, Cassandra y T-SQL con casos de estudio de empresas reales. Incluye ejercicios de Bases de Datos para consolidar el aprendizaje. Se proporciona una comparativa entre Elasticsearch y OLAP.",Bases de Datos,"NoSQL, Cassandra, T-SQL, InfluxDB",Básico,Conferencia
252,Deep linking y navegación en React Native,"Deep dive sobre Deep linking y navegación en React Native. Analizamos arquitecturas modernas que combinan Retrofit y Swift. Se incluyen diagramas, flujos de trabajo y recomendaciones para escalar soluciones en Mobile. Además, se discute la integración con Android Studio.",Mobile,"Retrofit, Swift, Riverpod",Básico,Medium
253,Migración de datos entre sistemas heterogéneos,"Guía completa sobre Migración de datos entre sistemas heterogéneos. Aprenderás a trabajar con indexación, migración y Oracle desde cero. Incluye ejercicios prácticos, mejores prácticas de la industria y consejos para evitar errores comunes en proyectos de Bases de Datos. El contenido también cubre errores comunes al usar ClickHouse.",Bases de Datos,"indexación, migración, Oracle",Avanzado,Blog técnico
254,Pipelines de ETL para proyectos de datos,"Workshop práctico: Pipelines de ETL para proyectos de datos. Trabajaremos con DVC, Plotly y Kubeflow en un proyecto real. Se enfoca en la resolución de problemas comunes y la aplicación de patrones de diseño en Data Science.",Data Science,"DVC, Plotly, Kubeflow, Matplotlib, Bokeh, visualización",Básico,Medium
255,Seguridad en almacenamiento local de apps,"Artículo técnico sobre Seguridad en almacenamiento local de apps. Comparativa entre Google Play y Capacitor: ventajas, desventajas y casos de uso. Incluye benchmarks y recomendaciones para elegir la herramienta adecuada en Mobile. El contenido también cubre errores comunes al usar Realm.",Mobile,"Google Play, Capacitor, ARKit",Avanzado,YouTube
256,Seguridad en APIs: rate limiting y throttling,"Tutorial avanzado de Seguridad en APIs: rate limiting y throttling. Exploramos la integración de Kali Linux con Splunk para construir soluciones robustas. Se abordan temas como optimización, seguridad y mantenimiento en entornos de producción.",Seguridad,"Kali Linux, Splunk, IPS, auditoría, XSS, phishing",Intermedio,Medium
257,Gestión de logs centralizada con ELK Stack,"Deep dive sobre Gestión de logs centralizada con ELK Stack. Analizamos arquitecturas modernas que combinan infraestructura como código y escalabilidad. Se incluyen diagramas, flujos de trabajo y recomendaciones para escalar soluciones en DevOps. Se proporciona una comparativa entre Helm y Envoy.",DevOps,"infraestructura como código, escalabilidad, Nginx, Trivy, bash, despliegue",Avanzado,Wiki interna
258,Implementación de encriptación de datos sensibles,"Deep dive sobre Implementación de encriptación de datos sensibles. Analizamos arquitecturas modernas que combinan OWASP y PKI. Se incluyen diagramas, flujos de trabajo y recomendaciones para escalar soluciones en Seguridad. Se proporciona una comparativa entre SQL injection y HSM.",Seguridad,"OWASP, PKI, ABAC, SSO",Avanzado,Webinar
259,Seguridad en contenedores Docker,"Documentación técnica sobre Seguridad en contenedores Docker. Se detallan las configuraciones necesarias para ELK Stack y GitOps, incluyendo troubleshooting de errores frecuentes y estrategias de monitoreo. Finalmente, se revisan consideraciones de rendimiento con Linux.",DevOps,"ELK Stack, GitOps, SonarQube",Intermedio,Conferencia
260,Uso de Redis como base de datos en memoria,"Proyecto guiado: Uso de Redis como base de datos en memoria. Construye paso a paso una solución completa usando PostgreSQL, transacciones y indexación. Enfocado en Bases de Datos con código disponible en GitHub. Finalmente, se revisan consideraciones de rendimiento con sharding.",Bases de Datos,"PostgreSQL, transacciones, indexación, replicación, CDC",Intermedio,Tutorial
261,Sincronización offline en aplicaciones móviles,"Curso intensivo de Sincronización offline en aplicaciones móviles. Domina Core Data, GetX y Xcode a través de proyectos prácticos. Al finalizar, serás capaz de diseñar e implementar soluciones profesionales en el área de Mobile. Se incluyen ejemplos usando Google Maps y Realm.",Mobile,"Core Data, GetX, Xcode, Dart, estado, Flutter",Avanzado,Webinar
262,Creación de componentes reutilizables en Vue.js,"Guía de referencia rápida: Creación de componentes reutilizables en Vue.js. Consulta práctica sobre Chakra UI y Chart.js para resolver problemas cotidianos en Frontend. Incluye snippets de código y comandos útiles. Finalmente, se revisan consideraciones de rendimiento con WebAssembly.",Frontend,"Chakra UI, Chart.js, Sass, Service Workers, SSR, CSS",Avanzado,Wiki interna
263,CDN y distribución de contenido con CloudFront,"Charla técnica: CDN y distribución de contenido con CloudFront. Se discuten los desafíos de implementar EventBridge y EKS en escenarios reales de Cloud. Lecciones aprendidas y errores a evitar. Finalmente, se revisan consideraciones de rendimiento con Pub/Sub.",Cloud,"EventBridge, EKS, S3, migración, Cloud Run, multi-cloud",Básico,Dev.to
264,Diseño de sistemas de diseño con Storybook,"Guía completa sobre Diseño de sistemas de diseño con Storybook. Aprenderás a trabajar con Jest, GSAP y Emotion desde cero. Incluye ejercicios prácticos, mejores prácticas de la industria y consejos para evitar errores comunes en proyectos de Frontend. Finalmente, se revisan consideraciones de rendimiento con Material UI.",Frontend,"Jest, GSAP, Emotion, SSR, Webpack, PWA",Básico,Tutorial
265,Configuración de pipelines CI/CD con GitHub Actions,"Deep dive sobre Configuración de pipelines CI/CD con GitHub Actions. Analizamos arquitecturas modernas que combinan ArgoCD y GitOps. Se incluyen diagramas, flujos de trabajo y recomendaciones para escalar soluciones en DevOps. Se proporciona una comparativa entre logs y New Relic.",DevOps,"ArgoCD, GitOps, Azure, Vault, Fluentd",Básico,Webinar
266,Pipelines de ETL para proyectos de datos,"Curso intensivo de Pipelines de ETL para proyectos de datos. Domina clustering, Streamlit y Keras a través de proyectos prácticos. Al finalizar, serás capaz de diseñar e implementar soluciones profesionales en el área de Data Science. El contenido también cubre errores comunes al usar Altair.",Data Science,"clustering, Streamlit, Keras, Dask",Avanzado,Wiki interna
267,Procedimientos almacenados y triggers en PostgreSQL,"En este contenido se presentan los conceptos fundamentales de Procedimientos almacenados y triggers en PostgreSQL. Se explica paso a paso cómo implementar soluciones prácticas utilizando particionamiento y sharding, con ejemplos de código y casos de uso reales. Ideal para profesionales que buscan fortalecer sus habilidades en Bases de Datos.",Bases de Datos,"particionamiento, sharding, InfluxDB, views, BASE",Avanzado,Libro técnico
268,Testing end-to-end con Cypress y Playwright,"Introducción práctica a Testing end-to-end con Cypress y Playwright. Este material cubre desde los conceptos básicos hasta técnicas avanzadas usando React, Webpack y UI/UX. Perfecto para equipos que inician proyectos de Frontend. Se incluyen ejemplos usando Next.js y Svelte.",Frontend,"React, Webpack, UI/UX",Básico,Dev.to
269,Implementación de encriptación de datos sensibles,"Guía completa sobre Implementación de encriptación de datos sensibles. Aprenderás a trabajar con pentesting, phishing y HSM desde cero. Incluye ejercicios prácticos, mejores prácticas de la industria y consejos para evitar errores comunes en proyectos de Seguridad. Incluye una sección de preguntas frecuentes sobre blockchain.",Seguridad,"pentesting, phishing, HSM, vulnerabilidades",Intermedio,Libro técnico
270,Optimización de imágenes y lazy loading,"Proyecto guiado: Optimización de imágenes y lazy loading. Construye paso a paso una solución completa usando SPA, Angular y Storybook. Enfocado en Frontend con código disponible en GitHub. El contenido también cubre errores comunes al usar Sass.",Frontend,"SPA, Angular, Storybook, Vite, Next.js, Bootstrap",Intermedio,Medium
271,Configuración de pipelines CI/CD con GitHub Actions,Serie de tutoriales: Configuración de pipelines CI/CD con GitHub Actions. Parte 1: configuración inicial con Vault. Parte 2: integración con Travis CI. Parte 3: despliegue y monitoreo en producción. Enfoque práctico para DevOps. Se incluyen ejemplos usando Travis CI y Grafana.,DevOps,"Vault, Travis CI, Terraform, Trivy, escalabilidad",Básico,Curso online
272,Gestión de experimentos con MLflow,Charla técnica: Gestión de experimentos con MLflow. Se discuten los desafíos de implementar Altair y deep learning en escenarios reales de Data Science. Lecciones aprendidas y errores a evitar. Incluye una sección de preguntas frecuentes sobre machine learning.,Data Science,"Altair, deep learning, Big Data",Avanzado,Tutorial
273,Series temporales y forecasting,"En este contenido se presentan los conceptos fundamentales de Series temporales y forecasting. Se explica paso a paso cómo implementar soluciones prácticas utilizando BERT y TensorFlow, con ejemplos de código y casos de uso reales. Ideal para profesionales que buscan fortalecer sus habilidades en Data Science. Además, se discute la integración con machine learning.",Data Science,"BERT, TensorFlow, NumPy, Spark",Intermedio,Libro técnico
274,Consumo de APIs REST desde aplicaciones móviles,"Guía completa sobre Consumo de APIs REST desde aplicaciones móviles. Aprenderás a trabajar con GPS, estado y MVVM desde cero. Incluye ejercicios prácticos, mejores prácticas de la industria y consejos para evitar errores comunes en proyectos de Mobile.",Mobile,"GPS, estado, MVVM, cámara",Avanzado,Documentación oficial
275,Autenticación biométrica en aplicaciones móviles,"Masterclass de Autenticación biométrica en aplicaciones móviles. Se profundiza en Room, estado y API móvil con casos de estudio de empresas reales. Incluye ejercicios de Mobile para consolidar el aprendizaje. Incluye una sección de preguntas frecuentes sobre Xcode.",Mobile,"Room, estado, API móvil",Intermedio,GitHub
276,Mensajería asíncrona con SQS y Pub/Sub,"Artículo técnico sobre Mensajería asíncrona con SQS y Pub/Sub. Comparativa entre GCP y autoescalado: ventajas, desventajas y casos de uso. Incluye benchmarks y recomendaciones para elegir la herramienta adecuada en Cloud. Se proporciona una comparativa entre almacenamiento y GCP.",Cloud,"GCP, autoescalado, BigQuery, EC2",Básico,Wiki interna
277,Infraestructura de claves públicas PKI,"En este contenido se presentan los conceptos fundamentales de Infraestructura de claves públicas PKI. Se explica paso a paso cómo implementar soluciones prácticas utilizando SOC y SIEM, con ejemplos de código y casos de uso reales. Ideal para profesionales que buscan fortalecer sus habilidades en Seguridad.",Seguridad,"SOC, SIEM, Burp Suite, WAF",Avanzado,Webinar
278,Autenticación multifactor MFA en sistemas críticos,"Análisis de caso: Autenticación multifactor MFA en sistemas críticos. Revisamos cómo una empresa migró de phishing a blockchain en su plataforma de Seguridad. Métricas, resultados y recomendaciones. Finalmente, se revisan consideraciones de rendimiento con Burp Suite.",Seguridad,"phishing, blockchain, SSO",Básico,Libro técnico
279,Implementación de notificaciones push en iOS,"Curso intensivo de Implementación de notificaciones push en iOS. Domina Capacitor, Jetpack Compose y BLoC a través de proyectos prácticos. Al finalizar, serás capaz de diseñar e implementar soluciones profesionales en el área de Mobile. El contenido también cubre errores comunes al usar Retrofit.",Mobile,"Capacitor, Jetpack Compose, BLoC",Intermedio,Libro técnico
280,Diseño de sistemas de diseño con Storybook,"Curso intensivo de Diseño de sistemas de diseño con Storybook. Domina Playwright, JavaScript y TypeScript a través de proyectos prácticos. Al finalizar, serás capaz de diseñar e implementar soluciones profesionales en el área de Frontend. Además, se discute la integración con Recoil.",Frontend,"Playwright, JavaScript, TypeScript, Figma, Styled Components",Básico,Blog técnico
281,Pruebas unitarias en aplicaciones Kotlin,"Documentación técnica sobre Pruebas unitarias en aplicaciones Kotlin. Se detallan las configuraciones necesarias para Retrofit y GetX, incluyendo troubleshooting de errores frecuentes y estrategias de monitoreo. Además, se discute la integración con SQLite.",Mobile,"Retrofit, GetX, Alamofire, Riverpod, Jetpack Compose, React Native",Intermedio,Conferencia
282,Orquestación de pipelines con Apache Airflow,"Tutorial avanzado de Orquestación de pipelines con Apache Airflow. Exploramos la integración de Scikit-learn con Pillow para construir soluciones robustas. Se abordan temas como optimización, seguridad y mantenimiento en entornos de producción.",Data Science,"Scikit-learn, Pillow, Altair, visualización, CatBoost",Básico,Libro técnico
283,Blockchain para autenticación descentralizada,"Proyecto guiado: Blockchain para autenticación descentralizada. Construye paso a paso una solución completa usando SAML, XSS y DDoS. Enfocado en Seguridad con código disponible en GitHub. Incluye una sección de preguntas frecuentes sobre malware.",Seguridad,"SAML, XSS, DDoS, ransomware, Splunk, RBAC",Básico,Webinar
284,Feature engineering para mejorar modelos,"Análisis de caso: Feature engineering para mejorar modelos. Revisamos cómo una empresa migró de modelos a PyTorch en su plataforma de Data Science. Métricas, resultados y recomendaciones.",Data Science,"modelos, PyTorch, Statsmodels",Básico,YouTube
285,Seguridad en contenedores Docker,Charla técnica: Seguridad en contenedores Docker. Se discuten los desafíos de implementar Canary y Blue-Green en escenarios reales de DevOps. Lecciones aprendidas y errores a evitar. Se proporciona una comparativa entre HAProxy y Jenkins.,DevOps,"Canary, Blue-Green, Datadog, Ansible",Avanzado,Medium
286,Auditoría de seguridad en aplicaciones web,"Guía de referencia rápida: Auditoría de seguridad en aplicaciones web. Consulta práctica sobre GDPR y phishing para resolver problemas cotidianos en Seguridad. Incluye snippets de código y comandos útiles. Además, se discute la integración con PKI.",Seguridad,"GDPR, phishing, OAuth",Intermedio,YouTube
287,Monetización de apps con anuncios y suscripciones,"Artículo técnico sobre Monetización de apps con anuncios y suscripciones. Comparativa entre Capacitor y Flutter: ventajas, desventajas y casos de uso. Incluye benchmarks y recomendaciones para elegir la herramienta adecuada en Mobile. El contenido también cubre errores comunes al usar CameraX.",Mobile,"Capacitor, Flutter, Realm, Kotlin",Avanzado,Libro técnico
288,Diseño de data lakes para análisis masivo,"Tutorial avanzado de Diseño de data lakes para análisis masivo. Exploramos la integración de TimescaleDB con pgAdmin para construir soluciones robustas. Se abordan temas como optimización, seguridad y mantenimiento en entornos de producción. Se proporciona una comparativa entre OLTP y pgAdmin.",Bases de Datos,"TimescaleDB, pgAdmin, MariaDB, normalización, procedimientos almacenados",Básico,Webinar
289,Cumplimiento normativo GDPR en aplicaciones,"Análisis de caso: Cumplimiento normativo GDPR en aplicaciones. Revisamos cómo una empresa migró de pentesting a RBAC en su plataforma de Seguridad. Métricas, resultados y recomendaciones. Se incluyen ejemplos usando SSL y Kali Linux.",Seguridad,"pentesting, RBAC, certificados, compliance, hashing, Metasploit",Intermedio,Tutorial
290,UI moderna con Jetpack Compose en Android,"Análisis de caso: UI moderna con Jetpack Compose en Android. Revisamos cómo una empresa migró de cámara a API móvil en su plataforma de Mobile. Métricas, resultados y recomendaciones. Se proporciona una comparativa entre Room y Google Maps.",Mobile,"cámara, API móvil, App Store, Room",Avanzado,Conferencia
291,Bases de datos serverless con DynamoDB y Firestore,Guía de referencia rápida: Bases de datos serverless con DynamoDB y Firestore. Consulta práctica sobre Cloud Storage y autoescalado para resolver problemas cotidianos en Cloud. Incluye snippets de código y comandos útiles.,Cloud,"Cloud Storage, autoescalado, Azure, Azure DevOps, DynamoDB",Básico,GitHub
292,Autenticación biométrica en aplicaciones móviles,"Documentación técnica sobre Autenticación biométrica en aplicaciones móviles. Se detallan las configuraciones necesarias para Cordova y App Store, incluyendo troubleshooting de errores frecuentes y estrategias de monitoreo. Incluye una sección de preguntas frecuentes sobre estado.",Mobile,"Cordova, App Store, Kotlin, Retrofit",Avanzado,Webinar
293,Seguridad en contenedores y Kubernetes,"Introducción práctica a Seguridad en contenedores y Kubernetes. Este material cubre desde los conceptos básicos hasta técnicas avanzadas usando IDS, OAuth y malware. Perfecto para equipos que inician proyectos de Seguridad. Se proporciona una comparativa entre OAuth y autenticación.",Seguridad,"IDS, OAuth, malware, PKI, XSS, SAML",Intermedio,Dev.to
294,Bases de datos serverless con DynamoDB y Firestore,"Artículo técnico sobre Bases de datos serverless con DynamoDB y Firestore. Comparativa entre alta disponibilidad y AKS: ventajas, desventajas y casos de uso. Incluye benchmarks y recomendaciones para elegir la herramienta adecuada en Cloud. Se incluyen ejemplos usando almacenamiento y redes.",Cloud,"alta disponibilidad, AKS, Cloud Storage, CloudWatch, CloudTrail",Básico,Dev.to
295,Animaciones fluidas con Framer Motion,"Análisis de caso: Animaciones fluidas con Framer Motion. Revisamos cómo una empresa migró de WebAssembly a accesibilidad en su plataforma de Frontend. Métricas, resultados y recomendaciones. Se proporciona una comparativa entre Next.js y Less.",Frontend,"WebAssembly, accesibilidad, UI/UX, D3.js",Intermedio,Curso online
296,Optimización de pipelines CI/CD para velocidad,"Curso intensivo de Optimización de pipelines CI/CD para velocidad. Domina ELK Stack, Travis CI y GitOps a través de proyectos prácticos. Al finalizar, serás capaz de diseñar e implementar soluciones profesionales en el área de DevOps. Se incluyen ejemplos usando Blue-Green y Terraform.",DevOps,"ELK Stack, Travis CI, GitOps, SonarQube",Básico,Medium
297,Desarrollo híbrido con Ionic y Capacitor,"Charla técnica: Desarrollo híbrido con Ionic y Capacitor. Se discuten los desafíos de implementar Google Play y CameraX en escenarios reales de Mobile. Lecciones aprendidas y errores a evitar. Finalmente, se revisan consideraciones de rendimiento con Jetpack Compose.",Mobile,"Google Play, CameraX, Firebase, ARKit, Core Data",Básico,Conferencia
298,Cumplimiento normativo GDPR en aplicaciones,Guía de referencia rápida: Cumplimiento normativo GDPR en aplicaciones. Consulta práctica sobre OWASP y criptografía para resolver problemas cotidianos en Seguridad. Incluye snippets de código y comandos útiles.,Seguridad,"OWASP, criptografía, ABAC",Intermedio,Documentación oficial
299,Bases de datos de grafos con Neo4j,"Documentación técnica sobre Bases de datos de grafos con Neo4j. Se detallan las configuraciones necesarias para SQL y CDC, incluyendo troubleshooting de errores frecuentes y estrategias de monitoreo. Se proporciona una comparativa entre CockroachDB y CockroachDB.",Bases de Datos,"SQL, CDC, Oracle, Redis",Básico,Webinar
300,Data warehousing con Amazon Redshift,Charla técnica: Data warehousing con Amazon Redshift. Se discuten los desafíos de implementar transacciones y Redis en escenarios reales de Bases de Datos. Lecciones aprendidas y errores a evitar. Incluye una sección de preguntas frecuentes sobre consultas.,Bases de Datos,"transacciones, Redis, MongoDB",Básico,Blog técnico
301,Protección DDoS con WAF y CDN,"Charla técnica: Protección DDoS con WAF y CDN. Se discuten los desafíos de implementar ABAC y vulnerabilidades en escenarios reales de Seguridad. Lecciones aprendidas y errores a evitar. Finalmente, se revisan consideraciones de rendimiento con SSL.",Seguridad,"ABAC, vulnerabilidades, PKI, VPN",Básico,Libro técnico
302,Clasificación de imágenes con PyTorch,Serie de tutoriales: Clasificación de imágenes con PyTorch. Parte 1: configuración inicial con CatBoost. Parte 2: integración con Prefect. Parte 3: despliegue y monitoreo en producción. Enfoque práctico para Data Science.,Data Science,"CatBoost, Prefect, DVC, Kubeflow, PyTorch, Streamlit",Básico,Documentación oficial
303,Pruebas unitarias en aplicaciones Kotlin,"Documentación técnica sobre Pruebas unitarias en aplicaciones Kotlin. Se detallan las configuraciones necesarias para estado y Swift, incluyendo troubleshooting de errores frecuentes y estrategias de monitoreo. Se proporciona una comparativa entre Realm y widgets.",Mobile,"estado, Swift, API móvil, Realm, Core Data",Avanzado,Libro técnico
304,Automatización de despliegues con Ansible,Serie de tutoriales: Automatización de despliegues con Ansible. Parte 1: configuración inicial con infraestructura como código. Parte 2: integración con Azure. Parte 3: despliegue y monitoreo en producción. Enfoque práctico para DevOps. Se proporciona una comparativa entre Jaeger y GitHub Actions.,DevOps,"infraestructura como código, Azure, GitHub Actions, SRE, Vault",Avanzado,Webinar
305,Monitoreo de sistemas con Prometheus y Grafana,"Deep dive sobre Monitoreo de sistemas con Prometheus y Grafana. Analizamos arquitecturas modernas que combinan Istio y escalabilidad. Se incluyen diagramas, flujos de trabajo y recomendaciones para escalar soluciones en DevOps. Se incluyen ejemplos usando Vault y escalabilidad.",DevOps,"Istio, escalabilidad, Prometheus, AWS, Docker",Intermedio,YouTube
306,Pipelines de ETL para proyectos de datos,Serie de tutoriales: Pipelines de ETL para proyectos de datos. Parte 1: configuración inicial con Dask. Parte 2: integración con análisis de datos. Parte 3: despliegue y monitoreo en producción. Enfoque práctico para Data Science.,Data Science,"Dask, análisis de datos, Statsmodels, spaCy, Hugging Face",Intermedio,Dev.to
307,Acceso a hardware: cámara y GPS en Flutter,"Artículo técnico sobre Acceso a hardware: cámara y GPS en Flutter. Comparativa entre API móvil y Provider: ventajas, desventajas y casos de uso. Incluye benchmarks y recomendaciones para elegir la herramienta adecuada en Mobile. Se incluyen ejemplos usando Google Play y Cordova.",Mobile,"API móvil, Provider, Capacitor, Realm, Core Data, Kotlin",Básico,Tutorial
308,Procesamiento distribuido con Dask,"En este contenido se presentan los conceptos fundamentales de Procesamiento distribuido con Dask. Se explica paso a paso cómo implementar soluciones prácticas utilizando machine learning y GPT, con ejemplos de código y casos de uso reales. Ideal para profesionales que buscan fortalecer sus habilidades en Data Science.",Data Science,"machine learning, GPT, NLP, deep learning",Básico,Curso online
309,Consumo de APIs GraphQL desde el frontend,"En este contenido se presentan los conceptos fundamentales de Consumo de APIs GraphQL desde el frontend. Se explica paso a paso cómo implementar soluciones prácticas utilizando accesibilidad y Less, con ejemplos de código y casos de uso reales. Ideal para profesionales que buscan fortalecer sus habilidades en Frontend. El contenido también cubre errores comunes al usar componentes.",Frontend,"accesibilidad, Less, CSS, Sass, responsive",Avanzado,Curso online
310,Animaciones y transiciones CSS avanzadas,"Tutorial avanzado de Animaciones y transiciones CSS avanzadas. Exploramos la integración de Prettier con Recoil para construir soluciones robustas. Se abordan temas como optimización, seguridad y mantenimiento en entornos de producción.",Frontend,"Prettier, Recoil, jQuery",Avanzado,Medium
311,Arquitecturas de alta disponibilidad en Azure,Guía de referencia rápida: Arquitecturas de alta disponibilidad en Azure. Consulta práctica sobre multi-cloud y alta disponibilidad para resolver problemas cotidianos en Cloud. Incluye snippets de código y comandos útiles. El contenido también cubre errores comunes al usar AWS.,Cloud,"multi-cloud, alta disponibilidad, IAM",Intermedio,GitHub
312,Redes neuronales con TensorFlow y Keras,"En este contenido se presentan los conceptos fundamentales de Redes neuronales con TensorFlow y Keras. Se explica paso a paso cómo implementar soluciones prácticas utilizando Statsmodels y Python, con ejemplos de código y casos de uso reales. Ideal para profesionales que buscan fortalecer sus habilidades en Data Science. Finalmente, se revisan consideraciones de rendimiento con NumPy.",Data Science,"Statsmodels, Python, NumPy, clustering",Básico,Dev.to
313,Implementación de encriptación de datos sensibles,Charla técnica: Implementación de encriptación de datos sensibles. Se discuten los desafíos de implementar SSL y WAF en escenarios reales de Seguridad. Lecciones aprendidas y errores a evitar. Se incluyen ejemplos usando hashing y CSRF.,Seguridad,"SSL, WAF, ransomware, pentesting",Básico,YouTube
314,Implementación de encriptación de datos sensibles,"Masterclass de Implementación de encriptación de datos sensibles. Se profundiza en Nmap, RBAC y OAuth con casos de estudio de empresas reales. Incluye ejercicios de Seguridad para consolidar el aprendizaje.",Seguridad,"Nmap, RBAC, OAuth, auditoría, ciberseguridad",Intermedio,Wiki interna
315,Gestión de logs centralizada con ELK Stack,"Artículo técnico sobre Gestión de logs centralizada con ELK Stack. Comparativa entre Azure y Jenkins: ventajas, desventajas y casos de uso. Incluye benchmarks y recomendaciones para elegir la herramienta adecuada en DevOps. Finalmente, se revisan consideraciones de rendimiento con logs.",DevOps,"Azure, Jenkins, Ansible, HAProxy",Avanzado,GitHub
316,Desarrollo híbrido con Ionic y Capacitor,"Guía completa sobre Desarrollo híbrido con Ionic y Capacitor. Aprenderás a trabajar con Capacitor, GetX y Jetpack Compose desde cero. Incluye ejercicios prácticos, mejores prácticas de la industria y consejos para evitar errores comunes en proyectos de Mobile. Además, se discute la integración con React Native.",Mobile,"Capacitor, GetX, Jetpack Compose",Avanzado,Libro técnico
317,Análisis de tráfico de red con Wireshark,"Documentación técnica sobre Análisis de tráfico de red con Wireshark. Se detallan las configuraciones necesarias para Zero Trust y IPS, incluyendo troubleshooting de errores frecuentes y estrategias de monitoreo. Finalmente, se revisan consideraciones de rendimiento con RBAC.",Seguridad,"Zero Trust, IPS, DDoS",Básico,Webinar
318,Progressive Web Apps con Service Workers,"Deep dive sobre Progressive Web Apps con Service Workers. Analizamos arquitecturas modernas que combinan Babel y Material UI. Se incluyen diagramas, flujos de trabajo y recomendaciones para escalar soluciones en Frontend.",Frontend,"Babel, Material UI, Less",Avanzado,Libro técnico
319,Almacenamiento de objetos con Amazon S3,Serie de tutoriales: Almacenamiento de objetos con Amazon S3. Parte 1: configuración inicial con Cloud Run. Parte 2: integración con CloudWatch. Parte 3: despliegue y monitoreo en producción. Enfoque práctico para Cloud. Se incluyen ejemplos usando almacenamiento y DynamoDB.,Cloud,"Cloud Run, CloudWatch, DynamoDB, autoescalado, Route 53, SNS",Avanzado,Medium
320,Optimización de costos en entornos cloud,Serie de tutoriales: Optimización de costos en entornos cloud. Parte 1: configuración inicial con EKS. Parte 2: integración con Fargate. Parte 3: despliegue y monitoreo en producción. Enfoque práctico para Cloud.,Cloud,"EKS, Fargate, migración",Básico,Medium
321,Optimización de pipelines CI/CD para velocidad,"Curso intensivo de Optimización de pipelines CI/CD para velocidad. Domina Grafana, SRE y Zipkin a través de proyectos prácticos. Al finalizar, serás capaz de diseñar e implementar soluciones profesionales en el área de DevOps. Incluye una sección de preguntas frecuentes sobre logs.",DevOps,"Grafana, SRE, Zipkin, Jaeger",Básico,Libro técnico
322,Diseño de data lakes para análisis masivo,"Proyecto guiado: Diseño de data lakes para análisis masivo. Construye paso a paso una solución completa usando migración, normalización y indexación. Enfocado en Bases de Datos con código disponible en GitHub. Se proporciona una comparativa entre OLAP y sharding.",Bases de Datos,"migración, normalización, indexación",Básico,Libro técnico
323,Patrones de diseño en aplicaciones backend,Charla técnica: Patrones de diseño en aplicaciones backend. Se discuten los desafíos de implementar CQRS y Laravel en escenarios reales de Backend. Lecciones aprendidas y errores a evitar.,Backend,"CQRS, Laravel, Spring Boot",Básico,Tutorial
324,Introducción a bases de datos NoSQL con MongoDB,"Workshop práctico: Introducción a bases de datos NoSQL con MongoDB. Trabajaremos con DynamoDB, Couchbase y InfluxDB en un proyecto real. Se enfoca en la resolución de problemas comunes y la aplicación de patrones de diseño en Bases de Datos. Se proporciona una comparativa entre T-SQL y ORM.",Bases de Datos,"DynamoDB, Couchbase, InfluxDB",Intermedio,Conferencia
325,Optimización de imágenes y lazy loading,"Proyecto guiado: Optimización de imágenes y lazy loading. Construye paso a paso una solución completa usando CSS, responsive y HTML5. Enfocado en Frontend con código disponible en GitHub.",Frontend,"CSS, responsive, HTML5, Three.js, Ant Design, Storybook",Avanzado,Wiki interna
326,Monetización de apps con anuncios y suscripciones,"Masterclass de Monetización de apps con anuncios y suscripciones. Se profundiza en SwiftUI, Realm y Dart con casos de estudio de empresas reales. Incluye ejercicios de Mobile para consolidar el aprendizaje. Se proporciona una comparativa entre Kotlin y Flutter.",Mobile,"SwiftUI, Realm, Dart, Riverpod",Intermedio,GitHub
327,Optimización del rendimiento en aplicaciones Angular,Charla técnica: Optimización del rendimiento en aplicaciones Angular. Se discuten los desafíos de implementar DOM y React en escenarios reales de Frontend. Lecciones aprendidas y errores a evitar. El contenido también cubre errores comunes al usar SPA.,Frontend,"DOM, React, Bootstrap",Avanzado,Blog técnico
328,Gestión de experimentos con MLflow,"Introducción práctica a Gestión de experimentos con MLflow. Este material cubre desde los conceptos básicos hasta técnicas avanzadas usando Matplotlib, Bokeh y Dask. Perfecto para equipos que inician proyectos de Data Science. Incluye una sección de preguntas frecuentes sobre Python.",Data Science,"Matplotlib, Bokeh, Dask, MLflow, LightGBM",Avanzado,Dev.to
329,Gestión de configuraciones con Consul y Vault,"Curso intensivo de Gestión de configuraciones con Consul y Vault. Domina Helm, Travis CI y Nginx a través de proyectos prácticos. Al finalizar, serás capaz de diseñar e implementar soluciones profesionales en el área de DevOps.",DevOps,"Helm, Travis CI, Nginx, Pulumi",Avanzado,Tutorial
330,Protección DDoS con WAF y CDN,Serie de tutoriales: Protección DDoS con WAF y CDN. Parte 1: configuración inicial con DDoS. Parte 2: integración con GDPR. Parte 3: despliegue y monitoreo en producción. Enfoque práctico para Seguridad. Incluye una sección de preguntas frecuentes sobre IDS.,Seguridad,"DDoS, GDPR, Splunk, SOC, OWASP",Avanzado,Documentación oficial
331,Infraestructura como código con Terraform,Serie de tutoriales: Infraestructura como código con Terraform. Parte 1: configuración inicial con Docker. Parte 2: integración con Linkerd. Parte 3: despliegue y monitoreo en producción. Enfoque práctico para DevOps.,DevOps,"Docker, Linkerd, monitoring, Vagrant, Vault, Blue-Green",Intermedio,Conferencia
332,Comunicación asíncrona con RabbitMQ y Celery,"Introducción práctica a Comunicación asíncrona con RabbitMQ y Celery. Este material cubre desde los conceptos básicos hasta técnicas avanzadas usando Java, FastAPI y RabbitMQ. Perfecto para equipos que inician proyectos de Backend. Se incluyen ejemplos usando Python y ASP.NET.",Backend,"Java, FastAPI, RabbitMQ, Kubernetes, MySQL, Node.js",Básico,Conferencia
333,Patrón CQRS para sistemas de alta carga,Charla técnica: Patrón CQRS para sistemas de alta carga. Se discuten los desafíos de implementar MySQL y microservicios en escenarios reales de Backend. Lecciones aprendidas y errores a evitar. El contenido también cubre errores comunes al usar Node.js.,Backend,"MySQL, microservicios, Laravel, C#, API REST, Django",Básico,GitHub
334,Patrones de diseño en aplicaciones backend,"Introducción práctica a Patrones de diseño en aplicaciones backend. Este material cubre desde los conceptos básicos hasta técnicas avanzadas usando Gradle, OAuth2 y Kubernetes. Perfecto para equipos que inician proyectos de Backend.",Backend,"Gradle, OAuth2, Kubernetes, PostgreSQL",Básico,Dev.to
335,Configuración de balanceadores de carga con Nginx,Serie de tutoriales: Configuración de balanceadores de carga con Nginx. Parte 1: configuración inicial con Azure. Parte 2: integración con Envoy. Parte 3: despliegue y monitoreo en producción. Enfoque práctico para DevOps. Incluye una sección de preguntas frecuentes sobre SonarQube.,DevOps,"Azure, Envoy, escalabilidad, Blue-Green",Intermedio,Wiki interna
336,Escaneo de vulnerabilidades con Trivy,Serie de tutoriales: Escaneo de vulnerabilidades con Trivy. Parte 1: configuración inicial con Helm. Parte 2: integración con Zipkin. Parte 3: despliegue y monitoreo en producción. Enfoque práctico para DevOps. Se proporciona una comparativa entre SonarQube y HAProxy.,DevOps,"Helm, Zipkin, Grafana, Pulumi",Intermedio,GitHub
337,Auditoría de seguridad en aplicaciones web,"Guía completa sobre Auditoría de seguridad en aplicaciones web. Aprenderás a trabajar con Zero Trust, ransomware y RBAC desde cero. Incluye ejercicios prácticos, mejores prácticas de la industria y consejos para evitar errores comunes en proyectos de Seguridad. Finalmente, se revisan consideraciones de rendimiento con SAML.",Seguridad,"Zero Trust, ransomware, RBAC, Burp Suite, ciberseguridad",Avanzado,GitHub
338,Gestión de identidades y accesos con IAM,"Masterclass de Gestión de identidades y accesos con IAM. Se profundiza en backup, VPC y S3 con casos de estudio de empresas reales. Incluye ejercicios de Cloud para consolidar el aprendizaje. Se proporciona una comparativa entre Cloud Storage y IAM.",Cloud,"backup, VPC, S3",Básico,Documentación oficial
339,Pipelines de ETL para proyectos de datos,"En este contenido se presentan los conceptos fundamentales de Pipelines de ETL para proyectos de datos. Se explica paso a paso cómo implementar soluciones prácticas utilizando Python y NLP, con ejemplos de código y casos de uso reales. Ideal para profesionales que buscan fortalecer sus habilidades en Data Science.",Data Science,"Python, NLP, Dask",Intermedio,YouTube
340,Progressive Web Apps con Service Workers,"Charla técnica: Progressive Web Apps con Service Workers. Se discuten los desafíos de implementar Sass y UI/UX en escenarios reales de Frontend. Lecciones aprendidas y errores a evitar. Además, se discute la integración con Jest.",Frontend,"Sass, UI/UX, Zustand, Svelte",Intermedio,GitHub
341,Patrón CQRS para sistemas de alta carga,Guía de referencia rápida: Patrón CQRS para sistemas de alta carga. Consulta práctica sobre Maven y Java para resolver problemas cotidianos en Backend. Incluye snippets de código y comandos útiles.,Backend,"Maven, Java, Python, Docker, PostgreSQL, Celery",Avanzado,Libro técnico
342,Pipelines de ETL para proyectos de datos,"En este contenido se presentan los conceptos fundamentales de Pipelines de ETL para proyectos de datos. Se explica paso a paso cómo implementar soluciones prácticas utilizando NumPy y PyTorch, con ejemplos de código y casos de uso reales. Ideal para profesionales que buscan fortalecer sus habilidades en Data Science. Además, se discute la integración con Python.",Data Science,"NumPy, PyTorch, Scikit-learn, clasificación, Gradio, Kubeflow",Básico,Curso online
343,Replicación y alta disponibilidad en MySQL,Guía de referencia rápida: Replicación y alta disponibilidad en MySQL. Consulta práctica sobre SQL Server y DBeaver para resolver problemas cotidianos en Bases de Datos. Incluye snippets de código y comandos útiles. Se proporciona una comparativa entre Firestore y ClickHouse.,Bases de Datos,"SQL Server, DBeaver, MariaDB, DynamoDB",Básico,Dev.to
344,Autenticación multifactor MFA en sistemas críticos,"Análisis de caso: Autenticación multifactor MFA en sistemas críticos. Revisamos cómo una empresa migró de Splunk a hashing en su plataforma de Seguridad. Métricas, resultados y recomendaciones.",Seguridad,"Splunk, hashing, OpenID, ABAC",Básico,YouTube
345,Gestión de configuraciones con Consul y Vault,"Serie de tutoriales: Gestión de configuraciones con Consul y Vault. Parte 1: configuración inicial con GitHub Actions. Parte 2: integración con Kubernetes. Parte 3: despliegue y monitoreo en producción. Enfoque práctico para DevOps. Además, se discute la integración con Ansible.",DevOps,"GitHub Actions, Kubernetes, GitOps, Nginx, SonarQube",Intermedio,Curso online
346,Creación de APIs REST escalables con Spring Boot,"Análisis de caso: Creación de APIs REST escalables con Spring Boot. Revisamos cómo una empresa migró de WebSocket a Ruby on Rails en su plataforma de Backend. Métricas, resultados y recomendaciones.",Backend,"WebSocket, Ruby on Rails, PHP, Celery, GraphQL, Gradle",Avanzado,YouTube
347,Diseño de data lakes para análisis masivo,"Curso intensivo de Diseño de data lakes para análisis masivo. Domina Elasticsearch, CAP theorem y Redis a través de proyectos prácticos. Al finalizar, serás capaz de diseñar e implementar soluciones profesionales en el área de Bases de Datos. El contenido también cubre errores comunes al usar consultas.",Bases de Datos,"Elasticsearch, CAP theorem, Redis, Oracle, CDC, procedimientos almacenados",Avanzado,Blog técnico
348,Principales vulnerabilidades OWASP Top 10,"Curso intensivo de Principales vulnerabilidades OWASP Top 10. Domina DDoS, ransomware y phishing a través de proyectos prácticos. Al finalizar, serás capaz de diseñar e implementar soluciones profesionales en el área de Seguridad. Finalmente, se revisan consideraciones de rendimiento con OWASP.",Seguridad,"DDoS, ransomware, phishing, ABAC, Metasploit, SIEM",Básico,Conferencia
349,Feature engineering para mejorar modelos,Guía de referencia rápida: Feature engineering para mejorar modelos. Consulta práctica sobre Dask y NLP para resolver problemas cotidianos en Data Science. Incluye snippets de código y comandos útiles. Incluye una sección de preguntas frecuentes sobre Big Data.,Data Science,"Dask, NLP, clustering, análisis de datos",Intermedio,Dev.to
350,Optimización de rendimiento en apps Flutter,"Análisis de caso: Optimización de rendimiento en apps Flutter. Revisamos cómo una empresa migró de GPS a Retrofit en su plataforma de Mobile. Métricas, resultados y recomendaciones. Incluye una sección de preguntas frecuentes sobre Realm.",Mobile,"GPS, Retrofit, Room, React Native, Android Studio, Ionic",Avanzado,Webinar
351,Seguridad en almacenamiento local de apps,"Documentación técnica sobre Seguridad en almacenamiento local de apps. Se detallan las configuraciones necesarias para Jetpack Compose y Android, incluyendo troubleshooting de errores frecuentes y estrategias de monitoreo. El contenido también cubre errores comunes al usar CameraX.",Mobile,"Jetpack Compose, Android, iOS, Retrofit, Google Maps",Básico,Curso online
352,Seguridad en contenedores y Kubernetes,"Masterclass de Seguridad en contenedores y Kubernetes. Se profundiza en Splunk, ABAC y Metasploit con casos de estudio de empresas reales. Incluye ejercicios de Seguridad para consolidar el aprendizaje. Además, se discute la integración con ABAC.",Seguridad,"Splunk, ABAC, Metasploit, IPS, GDPR, XSS",Intermedio,Curso online
353,Inyección de dependencias en NestJS,Guía de referencia rápida: Inyección de dependencias en NestJS. Consulta práctica sobre NestJS y Mockito para resolver problemas cotidianos en Backend. Incluye snippets de código y comandos útiles.,Backend,"NestJS, Mockito, RabbitMQ, Postman, token",Avanzado,Tutorial
354,Autenticación biométrica en aplicaciones móviles,Guía de referencia rápida: Autenticación biométrica en aplicaciones móviles. Consulta práctica sobre Biometría y Alamofire para resolver problemas cotidianos en Mobile. Incluye snippets de código y comandos útiles.,Mobile,"Biometría, Alamofire, Swift, SwiftUI",Avanzado,GitHub
355,Data warehousing con Amazon Redshift,Guía de referencia rápida: Data warehousing con Amazon Redshift. Consulta práctica sobre Neo4j y OLTP para resolver problemas cotidianos en Bases de Datos. Incluye snippets de código y comandos útiles.,Bases de Datos,"Neo4j, OLTP, SQLite, MongoDB, Redis",Avanzado,Curso online
356,Diseño responsive con Tailwind CSS,"Artículo técnico sobre Diseño responsive con Tailwind CSS. Comparativa entre UI/UX y jQuery: ventajas, desventajas y casos de uso. Incluye benchmarks y recomendaciones para elegir la herramienta adecuada en Frontend. Se incluyen ejemplos usando PWA y Vite.",Frontend,"UI/UX, jQuery, responsive, Zustand, hooks, TypeScript",Básico,Curso online
357,Procesamiento distribuido con Dask,"Guía de referencia rápida: Procesamiento distribuido con Dask. Consulta práctica sobre Python y CatBoost para resolver problemas cotidianos en Data Science. Incluye snippets de código y comandos útiles. Además, se discute la integración con GPT.",Data Science,"Python, CatBoost, Seaborn, Spark, Altair, modelos",Intermedio,Documentación oficial
358,Seguridad en APIs: rate limiting y throttling,"Deep dive sobre Seguridad en APIs: rate limiting y throttling. Analizamos arquitecturas modernas que combinan autenticación y blockchain. Se incluyen diagramas, flujos de trabajo y recomendaciones para escalar soluciones en Seguridad. Finalmente, se revisan consideraciones de rendimiento con certificados.",Seguridad,"autenticación, blockchain, XSS, encriptación",Básico,Blog técnico
359,Series temporales y forecasting,"Tutorial avanzado de Series temporales y forecasting. Exploramos la integración de PyTorch con machine learning para construir soluciones robustas. Se abordan temas como optimización, seguridad y mantenimiento en entornos de producción. Se proporciona una comparativa entre SciPy y Altair.",Data Science,"PyTorch, machine learning, Prefect, Keras, CatBoost, modelos",Avanzado,Curso online
360,Gestión de logs centralizada con ELK Stack,"Charla técnica: Gestión de logs centralizada con ELK Stack. Se discuten los desafíos de implementar Vagrant y HAProxy en escenarios reales de DevOps. Lecciones aprendidas y errores a evitar. Además, se discute la integración con pipelines.",DevOps,"Vagrant, HAProxy, Linkerd, AWS, Envoy",Intermedio,YouTube
361,Optimización de imágenes y lazy loading,"Guía completa sobre Optimización de imágenes y lazy loading. Aprenderás a trabajar con PWA, Babel y Figma desde cero. Incluye ejercicios prácticos, mejores prácticas de la industria y consejos para evitar errores comunes en proyectos de Frontend. El contenido también cubre errores comunes al usar Three.js.",Frontend,"PWA, Babel, Figma, Bootstrap",Avanzado,Dev.to
362,Realidad aumentada con ARKit en iOS,"Documentación técnica sobre Realidad aumentada con ARKit en iOS. Se detallan las configuraciones necesarias para Riverpod y Flutter, incluyendo troubleshooting de errores frecuentes y estrategias de monitoreo.",Mobile,"Riverpod, Flutter, Realm, Dart, React Native",Avanzado,Documentación oficial
363,Series temporales y forecasting,Serie de tutoriales: Series temporales y forecasting. Parte 1: configuración inicial con Kubeflow. Parte 2: integración con PyTorch. Parte 3: despliegue y monitoreo en producción. Enfoque práctico para Data Science. Se proporciona una comparativa entre regresión y SciPy.,Data Science,"Kubeflow, PyTorch, clustering, Bokeh, Gradio",Básico,Webinar
364,Optimización de consultas SQL en PostgreSQL,Charla técnica: Optimización de consultas SQL en PostgreSQL. Se discuten los desafíos de implementar PHP y Postman en escenarios reales de Backend. Lecciones aprendidas y errores a evitar. Incluye una sección de preguntas frecuentes sobre SOAP.,Backend,"PHP, Postman, Jest, Java",Intermedio,Wiki interna
365,Despliegue de servicios backend con Docker Compose,"Artículo técnico sobre Despliegue de servicios backend con Docker Compose. Comparativa entre Postman y Spring Boot: ventajas, desventajas y casos de uso. Incluye benchmarks y recomendaciones para elegir la herramienta adecuada en Backend. Además, se discute la integración con RabbitMQ.",Backend,"Postman, Spring Boot, OAuth2",Intermedio,Medium
366,Inyección de dependencias en NestJS,"Masterclass de Inyección de dependencias en NestJS. Se profundiza en token, SQLAlchemy y Ruby on Rails con casos de estudio de empresas reales. Incluye ejercicios de Backend para consolidar el aprendizaje. Finalmente, se revisan consideraciones de rendimiento con Kubernetes.",Backend,"token, SQLAlchemy, Ruby on Rails, Kafka",Básico,Dev.to
367,Monetización de apps con anuncios y suscripciones,"Guía completa sobre Monetización de apps con anuncios y suscripciones. Aprenderás a trabajar con Ionic, cámara y Cordova desde cero. Incluye ejercicios prácticos, mejores prácticas de la industria y consejos para evitar errores comunes en proyectos de Mobile. Finalmente, se revisan consideraciones de rendimiento con Provider.",Mobile,"Ionic, cámara, Cordova",Intermedio,Libro técnico
368,Seguridad en entornos cloud multi-cuenta,"Análisis de caso: Seguridad en entornos cloud multi-cuenta. Revisamos cómo una empresa migró de DynamoDB a alta disponibilidad en su plataforma de Cloud. Métricas, resultados y recomendaciones. Se proporciona una comparativa entre EC2 y SNS.",Cloud,"DynamoDB, alta disponibilidad, migración, autoescalado, BigQuery",Intermedio,Medium
369,Orquestación de pipelines con Apache Airflow,"Tutorial avanzado de Orquestación de pipelines con Apache Airflow. Exploramos la integración de Hugging Face con Prefect para construir soluciones robustas. Se abordan temas como optimización, seguridad y mantenimiento en entornos de producción.",Data Science,"Hugging Face, Prefect, Pillow, Dask, BERT, Airflow",Básico,Tutorial
370,Replicación y alta disponibilidad en MySQL,"Artículo técnico sobre Replicación y alta disponibilidad en MySQL. Comparativa entre OLTP y DynamoDB: ventajas, desventajas y casos de uso. Incluye benchmarks y recomendaciones para elegir la herramienta adecuada en Bases de Datos.",Bases de Datos,"OLTP, DynamoDB, T-SQL",Avanzado,Conferencia
371,Patrones de diseño en aplicaciones backend,"Análisis de caso: Patrones de diseño en aplicaciones backend. Revisamos cómo una empresa migró de autenticación a SQLAlchemy en su plataforma de Backend. Métricas, resultados y recomendaciones. El contenido también cubre errores comunes al usar ORM.",Backend,"autenticación, SQLAlchemy, Java, Entity Framework",Básico,GitHub
372,Implementación de encriptación de datos sensibles,Charla técnica: Implementación de encriptación de datos sensibles. Se discuten los desafíos de implementar SSL y hashing en escenarios reales de Seguridad. Lecciones aprendidas y errores a evitar. Incluye una sección de preguntas frecuentes sobre vulnerabilidades.,Seguridad,"SSL, hashing, SSO, malware, SIEM",Intermedio,Blog técnico
373,Visualización de datos avanzada con Seaborn,"Curso intensivo de Visualización de datos avanzada con Seaborn. Domina visualización, BERT y GPT a través de proyectos prácticos. Al finalizar, serás capaz de diseñar e implementar soluciones profesionales en el área de Data Science. Además, se discute la integración con Plotly.",Data Science,"visualización, BERT, GPT",Básico,Conferencia
374,Deep linking y navegación en React Native,"Tutorial avanzado de Deep linking y navegación en React Native. Exploramos la integración de Xcode con React Native para construir soluciones robustas. Se abordan temas como optimización, seguridad y mantenimiento en entornos de producción. Finalmente, se revisan consideraciones de rendimiento con Room.",Mobile,"Xcode, React Native, BLoC, Core Data, Capacitor, GetX",Básico,Dev.to
375,Realidad aumentada con ARKit en iOS,"Análisis de caso: Realidad aumentada con ARKit en iOS. Revisamos cómo una empresa migró de MVVM a cámara en su plataforma de Mobile. Métricas, resultados y recomendaciones. Además, se discute la integración con API móvil.",Mobile,"MVVM, cámara, Xcode",Intermedio,GitHub
376,Observabilidad distribuida con Jaeger,"Proyecto guiado: Observabilidad distribuida con Jaeger. Construye paso a paso una solución completa usando Travis CI, Istio y Terraform. Enfocado en DevOps con código disponible en GitHub. Incluye una sección de preguntas frecuentes sobre monitoring.",DevOps,"Travis CI, Istio, Terraform, GitOps, SRE",Básico,Documentación oficial
377,Implementación de encriptación de datos sensibles,"Workshop práctico: Implementación de encriptación de datos sensibles. Trabajaremos con DDoS, SOC y phishing en un proyecto real. Se enfoca en la resolución de problemas comunes y la aplicación de patrones de diseño en Seguridad. Se proporciona una comparativa entre phishing y encriptación.",Seguridad,"DDoS, SOC, phishing, Zero Trust",Intermedio,Documentación oficial
378,Seguridad en contenedores Docker,"Análisis de caso: Seguridad en contenedores Docker. Revisamos cómo una empresa migró de AWS a Consul en su plataforma de DevOps. Métricas, resultados y recomendaciones.",DevOps,"AWS, Consul, monitoring",Intermedio,Dev.to
379,Uso de Redis como capa de caché en aplicaciones web,"Curso intensivo de Uso de Redis como capa de caché en aplicaciones web. Domina NestJS, JSON y Python a través de proyectos prácticos. Al finalizar, serás capaz de diseñar e implementar soluciones profesionales en el área de Backend. El contenido también cubre errores comunes al usar C#.",Backend,"NestJS, JSON, Python, RESTful, OAuth2, SQLAlchemy",Avanzado,Documentación oficial
380,Automatización de infraestructura con Pulumi,"Curso intensivo de Automatización de infraestructura con Pulumi. Domina Envoy, Linkerd y pipelines a través de proyectos prácticos. Al finalizar, serás capaz de diseñar e implementar soluciones profesionales en el área de DevOps. Finalmente, se revisan consideraciones de rendimiento con monitoring.",DevOps,"Envoy, Linkerd, pipelines, ArgoCD, Jaeger, Prometheus",Básico,GitHub
381,Configuración de balanceadores de carga con Nginx,"Tutorial avanzado de Configuración de balanceadores de carga con Nginx. Exploramos la integración de monitoring con Kubernetes para construir soluciones robustas. Se abordan temas como optimización, seguridad y mantenimiento en entornos de producción. Se proporciona una comparativa entre GitLab CI y Canary.",DevOps,"monitoring, Kubernetes, Istio",Avanzado,Wiki interna
382,Sharding horizontal en bases de datos distribuidas,"Masterclass de Sharding horizontal en bases de datos distribuidas. Se profundiza en sharding, PostgreSQL y migración con casos de estudio de empresas reales. Incluye ejercicios de Bases de Datos para consolidar el aprendizaje. Se incluyen ejemplos usando PostgreSQL y ORM.",Bases de Datos,"sharding, PostgreSQL, migración, DynamoDB, TimescaleDB",Avanzado,Curso online
383,Optimización de rendimiento en APIs Node.js,"Workshop práctico: Optimización de rendimiento en APIs Node.js. Trabajaremos con Jest, Celery y RabbitMQ en un proyecto real. Se enfoca en la resolución de problemas comunes y la aplicación de patrones de diseño en Backend.",Backend,"Jest, Celery, RabbitMQ, PostgreSQL, Go, XML",Básico,Blog técnico
384,Estrategias de backup y recuperación de desastres,Charla técnica: Estrategias de backup y recuperación de desastres. Se discuten los desafíos de implementar almacenamiento y S3 en escenarios reales de Cloud. Lecciones aprendidas y errores a evitar. Se proporciona una comparativa entre AWS y Lambda.,Cloud,"almacenamiento, S3, alta disponibilidad",Intermedio,Webinar
385,Diseño de data lakes para análisis masivo,"Guía de referencia rápida: Diseño de data lakes para análisis masivo. Consulta práctica sobre data lake y Elasticsearch para resolver problemas cotidianos en Bases de Datos. Incluye snippets de código y comandos útiles. Finalmente, se revisan consideraciones de rendimiento con consultas.",Bases de Datos,"data lake, Elasticsearch, Oracle, BASE, ETL",Básico,GitHub
386,Gestión de estado con Zustand en React,"Workshop práctico: Gestión de estado con Zustand en React. Trabajaremos con JavaScript, Webpack y SSR en un proyecto real. Se enfoca en la resolución de problemas comunes y la aplicación de patrones de diseño en Frontend. Finalmente, se revisan consideraciones de rendimiento con Playwright.",Frontend,"JavaScript, Webpack, SSR, Babel, DOM, Next.js",Avanzado,Documentación oficial
387,Desarrollo de apps multiplataforma con Flutter,"Análisis de caso: Desarrollo de apps multiplataforma con Flutter. Revisamos cómo una empresa migró de Cordova a GetX en su plataforma de Mobile. Métricas, resultados y recomendaciones. Incluye una sección de preguntas frecuentes sobre Flutter.",Mobile,"Cordova, GetX, Capacitor, Swift, App Store",Básico,Tutorial
388,WebSockets para comunicación bidireccional,"Serie de tutoriales: WebSockets para comunicación bidireccional. Parte 1: configuración inicial con FastAPI. Parte 2: integración con MySQL. Parte 3: despliegue y monitoreo en producción. Enfoque práctico para Backend. Además, se discute la integración con Jest.",Backend,"FastAPI, MySQL, PostgreSQL, Express, WebSocket, Java",Básico,Medium
389,Seguridad en contenedores Docker,Serie de tutoriales: Seguridad en contenedores Docker. Parte 1: configuración inicial con Datadog. Parte 2: integración con Linux. Parte 3: despliegue y monitoreo en producción. Enfoque práctico para DevOps.,DevOps,"Datadog, Linux, CircleCI",Básico,GitHub
390,Autenticación OAuth2 en APIs modernas,"Workshop práctico: Autenticación OAuth2 en APIs modernas. Trabajaremos con Swagger, Entity Framework y Dapper en un proyecto real. Se enfoca en la resolución de problemas comunes y la aplicación de patrones de diseño en Backend.",Backend,"Swagger, Entity Framework, Dapper, CQRS, JUnit, PostgreSQL",Intermedio,GitHub
391,Infraestructura de claves públicas PKI,Guía de referencia rápida: Infraestructura de claves públicas PKI. Consulta práctica sobre XSS y Burp Suite para resolver problemas cotidianos en Seguridad. Incluye snippets de código y comandos útiles.,Seguridad,"XSS, Burp Suite, hashing",Intermedio,Dev.to
392,Sharding horizontal en bases de datos distribuidas,Serie de tutoriales: Sharding horizontal en bases de datos distribuidas. Parte 1: configuración inicial con consultas. Parte 2: integración con NoSQL. Parte 3: despliegue y monitoreo en producción. Enfoque práctico para Bases de Datos. Se proporciona una comparativa entre OLAP y data lake.,Bases de Datos,"consultas, NoSQL, CockroachDB",Avanzado,Tutorial
393,Fundamentos de pentesting ético,"Guía completa sobre Fundamentos de pentesting ético. Aprenderás a trabajar con OWASP, DDoS y Kali Linux desde cero. Incluye ejercicios prácticos, mejores prácticas de la industria y consejos para evitar errores comunes en proyectos de Seguridad.",Seguridad,"OWASP, DDoS, Kali Linux, IDS",Básico,Conferencia
394,Detección de objetos con YOLO y OpenCV,"Guía completa sobre Detección de objetos con YOLO y OpenCV. Aprenderás a trabajar con Kubeflow, Scikit-learn y clustering desde cero. Incluye ejercicios prácticos, mejores prácticas de la industria y consejos para evitar errores comunes en proyectos de Data Science.",Data Science,"Kubeflow, Scikit-learn, clustering, Pillow, spaCy",Avanzado,Libro técnico
395,Realidad aumentada con ARKit en iOS,"Proyecto guiado: Realidad aumentada con ARKit en iOS. Construye paso a paso una solución completa usando Dart, Swift y Flutter. Enfocado en Mobile con código disponible en GitHub.",Mobile,"Dart, Swift, Flutter",Avanzado,Curso online
396,Auditoría de seguridad en aplicaciones web,"Guía completa sobre Auditoría de seguridad en aplicaciones web. Aprenderás a trabajar con ciberseguridad, Kali Linux y blockchain desde cero. Incluye ejercicios prácticos, mejores prácticas de la industria y consejos para evitar errores comunes en proyectos de Seguridad. Además, se discute la integración con Nmap.",Seguridad,"ciberseguridad, Kali Linux, blockchain, phishing",Intermedio,YouTube
397,Cumplimiento normativo GDPR en aplicaciones,"Deep dive sobre Cumplimiento normativo GDPR en aplicaciones. Analizamos arquitecturas modernas que combinan Kali Linux y Metasploit. Se incluyen diagramas, flujos de trabajo y recomendaciones para escalar soluciones en Seguridad. Se incluyen ejemplos usando XSS y WAF.",Seguridad,"Kali Linux, Metasploit, vulnerabilidades",Avanzado,GitHub
398,Seguridad en entornos cloud multi-cuenta,"En este contenido se presentan los conceptos fundamentales de Seguridad en entornos cloud multi-cuenta. Se explica paso a paso cómo implementar soluciones prácticas utilizando Cloud SQL y CloudFront, con ejemplos de código y casos de uso reales. Ideal para profesionales que buscan fortalecer sus habilidades en Cloud. Finalmente, se revisan consideraciones de rendimiento con backup.",Cloud,"Cloud SQL, CloudFront, backup, SNS, EventBridge",Intermedio,Medium
399,Análisis de sentimiento en redes sociales,"Análisis de caso: Análisis de sentimiento en redes sociales. Revisamos cómo una empresa migró de Kubeflow a Spark en su plataforma de Data Science. Métricas, resultados y recomendaciones. Se proporciona una comparativa entre Hugging Face y Seaborn.",Data Science,"Kubeflow, Spark, Pillow, Hugging Face",Básico,Conferencia
400,Dashboards interactivos con Streamlit,"Artículo técnico sobre Dashboards interactivos con Streamlit. Comparativa entre DVC y PyTorch: ventajas, desventajas y casos de uso. Incluye benchmarks y recomendaciones para elegir la herramienta adecuada en Data Science. Incluye una sección de preguntas frecuentes sobre PyTorch.",Data Science,"DVC, PyTorch, NLTK",Intermedio,Conferencia
401,Análisis exploratorio de datos con Pandas,"Introducción práctica a Análisis exploratorio de datos con Pandas. Este material cubre desde los conceptos básicos hasta técnicas avanzadas usando OpenCV, TensorFlow y NLP. Perfecto para equipos que inician proyectos de Data Science. Se incluyen ejemplos usando Python y Python.",Data Science,"OpenCV, TensorFlow, NLP, Streamlit",Intermedio,Blog técnico
402,Persistencia local con Room y Core Data,"Masterclass de Persistencia local con Room y Core Data. Se profundiza en cámara, App Store y GetX con casos de estudio de empresas reales. Incluye ejercicios de Mobile para consolidar el aprendizaje.",Mobile,"cámara, App Store, GetX, GPS",Básico,Webinar
403,Change Data Capture para sincronización en tiempo real,"Análisis de caso: Change Data Capture para sincronización en tiempo real. Revisamos cómo una empresa migró de data warehouse a MySQL en su plataforma de Bases de Datos. Métricas, resultados y recomendaciones. Se proporciona una comparativa entre pgAdmin y OLTP.",Bases de Datos,"data warehouse, MySQL, Firestore",Básico,Conferencia
404,Construcción de modelos de regresión con Scikit-learn,Serie de tutoriales: Construcción de modelos de regresión con Scikit-learn. Parte 1: configuración inicial con BERT. Parte 2: integración con GPT. Parte 3: despliegue y monitoreo en producción. Enfoque práctico para Data Science.,Data Science,"BERT, GPT, ETL, clasificación, Big Data",Avanzado,Conferencia
405,Procedimientos almacenados y triggers en PostgreSQL,"Introducción práctica a Procedimientos almacenados y triggers en PostgreSQL. Este material cubre desde los conceptos básicos hasta técnicas avanzadas usando DynamoDB, transacciones y Neo4j. Perfecto para equipos que inician proyectos de Bases de Datos. Se proporciona una comparativa entre migración y DBeaver.",Bases de Datos,"DynamoDB, transacciones, Neo4j",Intermedio,Conferencia
406,Consultas avanzadas con window functions,"Proyecto guiado: Consultas avanzadas con window functions. Construye paso a paso una solución completa usando triggers, particionamiento y TimescaleDB. Enfocado en Bases de Datos con código disponible en GitHub.",Bases de Datos,"triggers, particionamiento, TimescaleDB, ORM, ClickHouse, transacciones",Intermedio,Conferencia
407,Patrón BLoC en aplicaciones Dart,"Documentación técnica sobre Patrón BLoC en aplicaciones Dart. Se detallan las configuraciones necesarias para App Store y GetX, incluyendo troubleshooting de errores frecuentes y estrategias de monitoreo. Finalmente, se revisan consideraciones de rendimiento con SQLite.",Mobile,"App Store, GetX, Retrofit",Avanzado,Curso online
408,Orquestación de contenedores con EKS y GKE,Charla técnica: Orquestación de contenedores con EKS y GKE. Se discuten los desafíos de implementar GCP y RDS en escenarios reales de Cloud. Lecciones aprendidas y errores a evitar. Incluye una sección de preguntas frecuentes sobre Cloud Functions.,Cloud,"GCP, RDS, S3, VPC, serverless, alta disponibilidad",Básico,Dev.to
409,Integración de Firebase en aplicaciones Android,"En este contenido se presentan los conceptos fundamentales de Integración de Firebase en aplicaciones Android. Se explica paso a paso cómo implementar soluciones prácticas utilizando Riverpod y Alamofire, con ejemplos de código y casos de uso reales. Ideal para profesionales que buscan fortalecer sus habilidades en Mobile.",Mobile,"Riverpod, Alamofire, Ionic, Retrofit",Básico,Webinar
410,Procesamiento de Big Data con Apache Spark,"Deep dive sobre Procesamiento de Big Data con Apache Spark. Analizamos arquitecturas modernas que combinan Big Data y clasificación. Se incluyen diagramas, flujos de trabajo y recomendaciones para escalar soluciones en Data Science.",Data Science,"Big Data, clasificación, Plotly",Intermedio,Libro técnico
411,Observabilidad distribuida con Jaeger,"En este contenido se presentan los conceptos fundamentales de Observabilidad distribuida con Jaeger. Se explica paso a paso cómo implementar soluciones prácticas utilizando Blue-Green y Kubernetes, con ejemplos de código y casos de uso reales. Ideal para profesionales que buscan fortalecer sus habilidades en DevOps.",DevOps,"Blue-Green, Kubernetes, SonarQube, Docker, Envoy",Básico,Curso online
412,Gestión de sesiones y autenticación token en Node.js,Charla técnica: Gestión de sesiones y autenticación token en Node.js. Se discuten los desafíos de implementar Kafka y gRPC en escenarios reales de Backend. Lecciones aprendidas y errores a evitar. Se proporciona una comparativa entre RESTful y Java.,Backend,"Kafka, gRPC, base de datos, Gradle, WebSocket",Básico,Medium
413,Procesamiento de lenguaje natural con spaCy,"Documentación técnica sobre Procesamiento de lenguaje natural con spaCy. Se detallan las configuraciones necesarias para CatBoost y Keras, incluyendo troubleshooting de errores frecuentes y estrategias de monitoreo. Además, se discute la integración con Altair.",Data Science,"CatBoost, Keras, NLP",Avanzado,Blog técnico
414,Blockchain para autenticación descentralizada,"Deep dive sobre Blockchain para autenticación descentralizada. Analizamos arquitecturas modernas que combinan XSS y SSO. Se incluyen diagramas, flujos de trabajo y recomendaciones para escalar soluciones en Seguridad. Se incluyen ejemplos usando GDPR y Wireshark.",Seguridad,"XSS, SSO, autenticación, Zero Trust, Burp Suite, OWASP",Básico,Medium
415,Detección de objetos con YOLO y OpenCV,"Artículo técnico sobre Detección de objetos con YOLO y OpenCV. Comparativa entre Transformers y machine learning: ventajas, desventajas y casos de uso. Incluye benchmarks y recomendaciones para elegir la herramienta adecuada en Data Science. El contenido también cubre errores comunes al usar clasificación.",Data Science,"Transformers, machine learning, Python, ETL, clasificación",Avanzado,Libro técnico
416,Desarrollo de apps multiplataforma con Flutter,"Masterclass de Desarrollo de apps multiplataforma con Flutter. Se profundiza en CameraX, API móvil y Swift con casos de estudio de empresas reales. Incluye ejercicios de Mobile para consolidar el aprendizaje. Se proporciona una comparativa entre Android Studio y Expo.",Mobile,"CameraX, API móvil, Swift, Google Maps, MVVM, Ionic",Básico,Dev.to
417,Gestión de estado en React Native con Redux,Guía de referencia rápida: Gestión de estado en React Native con Redux. Consulta práctica sobre Swift y Expo para resolver problemas cotidianos en Mobile. Incluye snippets de código y comandos útiles.,Mobile,"Swift, Expo, Kotlin, Core Data",Intermedio,GitHub
418,Consumo de APIs GraphQL desde el frontend,Guía de referencia rápida: Consumo de APIs GraphQL desde el frontend. Consulta práctica sobre JavaScript y GSAP para resolver problemas cotidianos en Frontend. Incluye snippets de código y comandos útiles.,Frontend,"JavaScript, GSAP, Tailwind, jQuery",Avanzado,Curso online
419,Uso de Redis como capa de caché en aplicaciones web,"Guía de referencia rápida: Uso de Redis como capa de caché en aplicaciones web. Consulta práctica sobre base de datos y Entity Framework para resolver problemas cotidianos en Backend. Incluye snippets de código y comandos útiles. Finalmente, se revisan consideraciones de rendimiento con Docker.",Backend,"base de datos, Entity Framework, RESTful, ORM",Básico,Wiki interna
420,Protección contra ataques SQL Injection y XSS,"Deep dive sobre Protección contra ataques SQL Injection y XSS. Analizamos arquitecturas modernas que combinan SIEM y Zero Trust. Se incluyen diagramas, flujos de trabajo y recomendaciones para escalar soluciones en Seguridad. El contenido también cubre errores comunes al usar SAML.",Seguridad,"SIEM, Zero Trust, WAF",Intermedio,YouTube
421,Inyección de dependencias en NestJS,"En este contenido se presentan los conceptos fundamentales de Inyección de dependencias en NestJS. Se explica paso a paso cómo implementar soluciones prácticas utilizando Jest y Hibernate, con ejemplos de código y casos de uso reales. Ideal para profesionales que buscan fortalecer sus habilidades en Backend.",Backend,"Jest, Hibernate, Spring Boot",Básico,YouTube
422,Sharding horizontal en bases de datos distribuidas,"Guía completa sobre Sharding horizontal en bases de datos distribuidas. Aprenderás a trabajar con procedimientos almacenados, MongoDB y BASE desde cero. Incluye ejercicios prácticos, mejores prácticas de la industria y consejos para evitar errores comunes en proyectos de Bases de Datos.",Bases de Datos,"procedimientos almacenados, MongoDB, BASE, ACID, Neo4j",Básico,Dev.to
423,Replicación y alta disponibilidad en MySQL,"Curso intensivo de Replicación y alta disponibilidad en MySQL. Domina BASE, transacciones y ACID a través de proyectos prácticos. Al finalizar, serás capaz de diseñar e implementar soluciones profesionales en el área de Bases de Datos.",Bases de Datos,"BASE, transacciones, ACID, ETL",Básico,Webinar
424,Documentación de APIs con Swagger y OpenAPI,"Deep dive sobre Documentación de APIs con Swagger y OpenAPI. Analizamos arquitecturas modernas que combinan ASP.NET y Jest. Se incluyen diagramas, flujos de trabajo y recomendaciones para escalar soluciones en Backend. Además, se discute la integración con MySQL.",Backend,"ASP.NET, Jest, ORM, gRPC, MySQL, Python",Intermedio,Medium
425,Autenticación multifactor MFA en sistemas críticos,"En este contenido se presentan los conceptos fundamentales de Autenticación multifactor MFA en sistemas críticos. Se explica paso a paso cómo implementar soluciones prácticas utilizando SIEM y IPS, con ejemplos de código y casos de uso reales. Ideal para profesionales que buscan fortalecer sus habilidades en Seguridad. Finalmente, se revisan consideraciones de rendimiento con phishing.",Seguridad,"SIEM, IPS, ABAC, Wireshark, OWASP",Intermedio,YouTube
426,Progressive Web Apps con Service Workers,"Análisis de caso: Progressive Web Apps con Service Workers. Revisamos cómo una empresa migró de Storybook a TypeScript en su plataforma de Frontend. Métricas, resultados y recomendaciones. Además, se discute la integración con Storybook.",Frontend,"Storybook, TypeScript, Playwright, Three.js",Básico,Tutorial
427,Modelos de boosting con XGBoost y LightGBM,"Proyecto guiado: Modelos de boosting con XGBoost y LightGBM. Construye paso a paso una solución completa usando Spark, Altair y Big Data. Enfocado en Data Science con código disponible en GitHub.",Data Science,"Spark, Altair, Big Data, Statsmodels, Prefect",Intermedio,Documentación oficial
428,Patrones de diseño en aplicaciones backend,"Introducción práctica a Patrones de diseño en aplicaciones backend. Este material cubre desde los conceptos básicos hasta técnicas avanzadas usando PostgreSQL, token y microservicios. Perfecto para equipos que inician proyectos de Backend. Incluye una sección de preguntas frecuentes sobre token.",Backend,"PostgreSQL, token, microservicios, Java, Spring Boot",Avanzado,Dev.to
429,Diseño de interfaces nativas en SwiftUI,"Masterclass de Diseño de interfaces nativas en SwiftUI. Se profundiza en Android, SwiftUI y widgets con casos de estudio de empresas reales. Incluye ejercicios de Mobile para consolidar el aprendizaje. Incluye una sección de preguntas frecuentes sobre Alamofire.",Mobile,"Android, SwiftUI, widgets, Jetpack Compose, ARKit, MVVM",Intermedio,Conferencia
430,Seguridad en contenedores y Kubernetes,"Curso intensivo de Seguridad en contenedores y Kubernetes. Domina DDoS, HSM y GDPR a través de proyectos prácticos. Al finalizar, serás capaz de diseñar e implementar soluciones profesionales en el área de Seguridad. El contenido también cubre errores comunes al usar HSM.",Seguridad,"DDoS, HSM, GDPR, MFA, CSRF, IDS",Básico,YouTube
431,Autoescalado inteligente con políticas personalizadas,"Workshop práctico: Autoescalado inteligente con políticas personalizadas. Trabajaremos con EventBridge, cloud native y Lambda en un proyecto real. Se enfoca en la resolución de problemas comunes y la aplicación de patrones de diseño en Cloud. Finalmente, se revisan consideraciones de rendimiento con GCP.",Cloud,"EventBridge, cloud native, Lambda, Route 53, Pub/Sub, redes",Intermedio,Dev.to
432,Diseño de sistemas de diseño con Storybook,"Curso intensivo de Diseño de sistemas de diseño con Storybook. Domina Next.js, Jest y UI/UX a través de proyectos prácticos. Al finalizar, serás capaz de diseñar e implementar soluciones profesionales en el área de Frontend.",Frontend,"Next.js, Jest, UI/UX",Avanzado,Tutorial
433,Enfoques multi-cloud para reducir vendor lock-in,"Guía completa sobre Enfoques multi-cloud para reducir vendor lock-in. Aprenderás a trabajar con VPC, almacenamiento y RDS desde cero. Incluye ejercicios prácticos, mejores prácticas de la industria y consejos para evitar errores comunes en proyectos de Cloud.",Cloud,"VPC, almacenamiento, RDS, GKE, AKS, Lambda",Básico,Medium
434,Modelado de datos para aplicaciones de escalabilidad masiva,"Análisis de caso: Modelado de datos para aplicaciones de escalabilidad masiva. Revisamos cómo una empresa migró de data warehouse a MariaDB en su plataforma de Bases de Datos. Métricas, resultados y recomendaciones.",Bases de Datos,"data warehouse, MariaDB, indexación, data lake, ETL",Básico,GitHub
435,Streaming de datos en tiempo real con Kafka,"Curso intensivo de Streaming de datos en tiempo real con Kafka. Domina OpenAPI, SOAP y OAuth2 a través de proyectos prácticos. Al finalizar, serás capaz de diseñar e implementar soluciones profesionales en el área de Backend. Además, se discute la integración con ORM.",Backend,"OpenAPI, SOAP, OAuth2, Hibernate, CQRS, WebSocket",Avanzado,YouTube
436,Introducción a servicios serverless en AWS Lambda,"En este contenido se presentan los conceptos fundamentales de Introducción a servicios serverless en AWS Lambda. Se explica paso a paso cómo implementar soluciones prácticas utilizando DynamoDB y multi-cloud, con ejemplos de código y casos de uso reales. Ideal para profesionales que buscan fortalecer sus habilidades en Cloud. Se proporciona una comparativa entre multi-cloud y migración.",Cloud,"DynamoDB, multi-cloud, Pub/Sub, SQS",Intermedio,Tutorial
437,Consumo de APIs REST desde aplicaciones móviles,"Análisis de caso: Consumo de APIs REST desde aplicaciones móviles. Revisamos cómo una empresa migró de Capacitor a App Store en su plataforma de Mobile. Métricas, resultados y recomendaciones. Incluye una sección de preguntas frecuentes sobre SQLite.",Mobile,"Capacitor, App Store, MVVM",Intermedio,Conferencia
438,Generación de texto con modelos GPT,"Curso intensivo de Generación de texto con modelos GPT. Domina deep learning, SciPy y CatBoost a través de proyectos prácticos. Al finalizar, serás capaz de diseñar e implementar soluciones profesionales en el área de Data Science. Se incluyen ejemplos usando NLTK y Streamlit.",Data Science,"deep learning, SciPy, CatBoost, TensorFlow",Avanzado,Dev.to
439,Patrón CQRS para sistemas de alta carga,"Introducción práctica a Patrón CQRS para sistemas de alta carga. Este material cubre desde los conceptos básicos hasta técnicas avanzadas usando Redis, SOAP y JUnit. Perfecto para equipos que inician proyectos de Backend. Incluye una sección de preguntas frecuentes sobre Ruby on Rails.",Backend,"Redis, SOAP, JUnit, Hibernate",Intermedio,GitHub
440,Almacenamiento de objetos con Amazon S3,"Introducción práctica a Almacenamiento de objetos con Amazon S3. Este material cubre desde los conceptos básicos hasta técnicas avanzadas usando Pub/Sub, CloudTrail y cloud native. Perfecto para equipos que inician proyectos de Cloud.",Cloud,"Pub/Sub, CloudTrail, cloud native, almacenamiento, GKE, Azure",Avanzado,Libro técnico
441,Server Side Rendering con Next.js,"Curso intensivo de Server Side Rendering con Next.js. Domina Cypress, Playwright y Prettier a través de proyectos prácticos. Al finalizar, serás capaz de diseñar e implementar soluciones profesionales en el área de Frontend. Incluye una sección de preguntas frecuentes sobre Tailwind.",Frontend,"Cypress, Playwright, Prettier, Babel, Ant Design",Básico,Conferencia
442,Gestión de certificados SSL/TLS,"Guía completa sobre Gestión de certificados SSL/TLS. Aprenderás a trabajar con SSL, encriptación y Burp Suite desde cero. Incluye ejercicios prácticos, mejores prácticas de la industria y consejos para evitar errores comunes en proyectos de Seguridad.",Seguridad,"SSL, encriptación, Burp Suite, OpenID, SQL injection, autenticación",Intermedio,Conferencia
443,Gestión de estado en React Native con Redux,"En este contenido se presentan los conceptos fundamentales de Gestión de estado en React Native con Redux. Se explica paso a paso cómo implementar soluciones prácticas utilizando MVVM y SQLite, con ejemplos de código y casos de uso reales. Ideal para profesionales que buscan fortalecer sus habilidades en Mobile. Se incluyen ejemplos usando GetX y Retrofit.",Mobile,"MVVM, SQLite, Kotlin, ARKit, Dart, React Native",Avanzado,Conferencia
444,Escaneo de vulnerabilidades con Trivy,"Proyecto guiado: Escaneo de vulnerabilidades con Trivy. Construye paso a paso una solución completa usando despliegue, ELK Stack y Helm. Enfocado en DevOps con código disponible en GitHub. Además, se discute la integración con bash.",DevOps,"despliegue, ELK Stack, Helm, Jaeger, GitOps",Avanzado,Libro técnico
445,Almacenamiento de objetos con Amazon S3,"Serie de tutoriales: Almacenamiento de objetos con Amazon S3. Parte 1: configuración inicial con SQS. Parte 2: integración con EventBridge. Parte 3: despliegue y monitoreo en producción. Enfoque práctico para Cloud. Finalmente, se revisan consideraciones de rendimiento con BigQuery.",Cloud,"SQS, EventBridge, backup, Cloud Storage, Azure DevOps",Básico,Dev.to
446,Teorema CAP y consistencia en bases distribuidas,"Documentación técnica sobre Teorema CAP y consistencia en bases distribuidas. Se detallan las configuraciones necesarias para MongoDB y ClickHouse, incluyendo troubleshooting de errores frecuentes y estrategias de monitoreo. Finalmente, se revisan consideraciones de rendimiento con MongoDB.",Bases de Datos,"MongoDB, ClickHouse, indexación",Avanzado,Curso online
447,Observabilidad distribuida con Jaeger,"Deep dive sobre Observabilidad distribuida con Jaeger. Analizamos arquitecturas modernas que combinan HAProxy y Datadog. Se incluyen diagramas, flujos de trabajo y recomendaciones para escalar soluciones en DevOps. Incluye una sección de preguntas frecuentes sobre Kubernetes.",DevOps,"HAProxy, Datadog, SonarQube",Básico,Curso online
448,Sincronización offline en aplicaciones móviles,"Introducción práctica a Sincronización offline en aplicaciones móviles. Este material cubre desde los conceptos básicos hasta técnicas avanzadas usando Google Maps, Android y App Store. Perfecto para equipos que inician proyectos de Mobile. Se incluyen ejemplos usando SwiftUI y Room.",Mobile,"Google Maps, Android, App Store, CameraX, MVVM, Dart",Intermedio,GitHub
449,Procedimientos almacenados y triggers en PostgreSQL,"Tutorial avanzado de Procedimientos almacenados y triggers en PostgreSQL. Exploramos la integración de NoSQL con indexación para construir soluciones robustas. Se abordan temas como optimización, seguridad y mantenimiento en entornos de producción. Además, se discute la integración con consultas.",Bases de Datos,"NoSQL, indexación, triggers, normalización, pgAdmin",Básico,GitHub
450,Monitoreo y auditoría con CloudWatch y CloudTrail,"Guía completa sobre Monitoreo y auditoría con CloudWatch y CloudTrail. Aprenderás a trabajar con SQS, EKS y Cloud Functions desde cero. Incluye ejercicios prácticos, mejores prácticas de la industria y consejos para evitar errores comunes en proyectos de Cloud. Incluye una sección de preguntas frecuentes sobre GCP.",Cloud,"SQS, EKS, Cloud Functions",Avanzado,Dev.to
451,Generación de texto con modelos GPT,"Análisis de caso: Generación de texto con modelos GPT. Revisamos cómo una empresa migró de Matplotlib a Gradio en su plataforma de Data Science. Métricas, resultados y recomendaciones. Incluye una sección de preguntas frecuentes sobre XGBoost.",Data Science,"Matplotlib, Gradio, Keras",Básico,Tutorial
452,Creación de APIs REST escalables con Spring Boot,"Deep dive sobre Creación de APIs REST escalables con Spring Boot. Analizamos arquitecturas modernas que combinan ORM y Spring Boot. Se incluyen diagramas, flujos de trabajo y recomendaciones para escalar soluciones en Backend. El contenido también cubre errores comunes al usar Django.",Backend,"ORM, Spring Boot, Node.js, OpenAPI",Intermedio,GitHub
453,Bases de datos serverless con DynamoDB y Firestore,Charla técnica: Bases de datos serverless con DynamoDB y Firestore. Se discuten los desafíos de implementar EventBridge y SQS en escenarios reales de Cloud. Lecciones aprendidas y errores a evitar. Se proporciona una comparativa entre AWS y GCP.,Cloud,"EventBridge, SQS, cloud native, Azure DevOps",Básico,YouTube
454,Uso de Redis como capa de caché en aplicaciones web,Guía de referencia rápida: Uso de Redis como capa de caché en aplicaciones web. Consulta práctica sobre base de datos y OAuth2 para resolver problemas cotidianos en Backend. Incluye snippets de código y comandos útiles. El contenido también cubre errores comunes al usar Python.,Backend,"base de datos, OAuth2, Redis, WebSocket, ORM, JUnit",Avanzado,Tutorial
455,Diseño de data lakes para análisis masivo,"Documentación técnica sobre Diseño de data lakes para análisis masivo. Se detallan las configuraciones necesarias para SQLite y normalización, incluyendo troubleshooting de errores frecuentes y estrategias de monitoreo.",Bases de Datos,"SQLite, normalización, DBeaver",Intermedio,Conferencia
456,Estrategias de rollback en despliegues productivos,"Introducción práctica a Estrategias de rollback en despliegues productivos. Este material cubre desde los conceptos básicos hasta técnicas avanzadas usando Canary, Prometheus y CI/CD. Perfecto para equipos que inician proyectos de DevOps. El contenido también cubre errores comunes al usar SRE.",DevOps,"Canary, Prometheus, CI/CD",Básico,Documentación oficial
457,Optimización de planes de ejecución de consultas,"Documentación técnica sobre Optimización de planes de ejecución de consultas. Se detallan las configuraciones necesarias para data warehouse y consultas, incluyendo troubleshooting de errores frecuentes y estrategias de monitoreo.",Bases de Datos,"data warehouse, consultas, Couchbase",Básico,Tutorial
458,Análisis estadístico con Statsmodels,Serie de tutoriales: Análisis estadístico con Statsmodels. Parte 1: configuración inicial con CatBoost. Parte 2: integración con Dask. Parte 3: despliegue y monitoreo en producción. Enfoque práctico para Data Science. Se proporciona una comparativa entre LightGBM y visualización.,Data Science,"CatBoost, Dask, Plotly",Básico,Libro técnico
459,Estrategias de indexación para consultas rápidas,"Tutorial avanzado de Estrategias de indexación para consultas rápidas. Exploramos la integración de consultas con indexación para construir soluciones robustas. Se abordan temas como optimización, seguridad y mantenimiento en entornos de producción.",Bases de Datos,"consultas, indexación, Neo4j",Intermedio,Documentación oficial
460,Optimización de pipelines CI/CD para velocidad,Guía de referencia rápida: Optimización de pipelines CI/CD para velocidad. Consulta práctica sobre GitOps y Trivy para resolver problemas cotidianos en DevOps. Incluye snippets de código y comandos útiles.,DevOps,"GitOps, Trivy, Jenkins, Linkerd",Intermedio,Webinar
461,SRE: prácticas de ingeniería de confiabilidad,"Serie de tutoriales: SRE: prácticas de ingeniería de confiabilidad. Parte 1: configuración inicial con Docker. Parte 2: integración con Nginx. Parte 3: despliegue y monitoreo en producción. Enfoque práctico para DevOps. Finalmente, se revisan consideraciones de rendimiento con SRE.",DevOps,"Docker, Nginx, Travis CI, GitOps",Intermedio,Documentación oficial
462,Uso de Redis como capa de caché en aplicaciones web,"Workshop práctico: Uso de Redis como capa de caché en aplicaciones web. Trabajaremos con GraphQL, API REST y SQLAlchemy en un proyecto real. Se enfoca en la resolución de problemas comunes y la aplicación de patrones de diseño en Backend. El contenido también cubre errores comunes al usar Docker.",Backend,"GraphQL, API REST, SQLAlchemy",Básico,Conferencia
463,Documentación de APIs con Swagger y OpenAPI,"Masterclass de Documentación de APIs con Swagger y OpenAPI. Se profundiza en Hibernate, autenticación y ASP.NET con casos de estudio de empresas reales. Incluye ejercicios de Backend para consolidar el aprendizaje.",Backend,"Hibernate, autenticación, ASP.NET, SOAP",Avanzado,GitHub
464,Seguridad en entornos cloud multi-cuenta,"Documentación técnica sobre Seguridad en entornos cloud multi-cuenta. Se detallan las configuraciones necesarias para S3 y Cloud Storage, incluyendo troubleshooting de errores frecuentes y estrategias de monitoreo.",Cloud,"S3, Cloud Storage, CloudFront, CloudWatch",Intermedio,Documentación oficial
465,Análisis exploratorio de datos con Pandas,"Deep dive sobre Análisis exploratorio de datos con Pandas. Analizamos arquitecturas modernas que combinan Prefect y Transformers. Se incluyen diagramas, flujos de trabajo y recomendaciones para escalar soluciones en Data Science.",Data Science,"Prefect, Transformers, Matplotlib, LightGBM, regresión, Airflow",Básico,Documentación oficial
466,Diseño de interfaces nativas en SwiftUI,Charla técnica: Diseño de interfaces nativas en SwiftUI. Se discuten los desafíos de implementar Room y SQLite en escenarios reales de Mobile. Lecciones aprendidas y errores a evitar. Se incluyen ejemplos usando Kotlin y Retrofit.,Mobile,"Room, SQLite, Provider",Intermedio,Wiki interna
467,Optimización de rendimiento en APIs Node.js,"Masterclass de Optimización de rendimiento en APIs Node.js. Se profundiza en Mockito, Python y SQLAlchemy con casos de estudio de empresas reales. Incluye ejercicios de Backend para consolidar el aprendizaje. Finalmente, se revisan consideraciones de rendimiento con base de datos.",Backend,"Mockito, Python, SQLAlchemy",Intermedio,Curso online
468,Persistencia local con Room y Core Data,"Introducción práctica a Persistencia local con Room y Core Data. Este material cubre desde los conceptos básicos hasta técnicas avanzadas usando Ionic, Flutter y Cordova. Perfecto para equipos que inician proyectos de Mobile.",Mobile,"Ionic, Flutter, Cordova, Android Studio, GetX, push notifications",Avanzado,Wiki interna
469,Uso de Redis como base de datos en memoria,"Masterclass de Uso de Redis como base de datos en memoria. Se profundiza en Neo4j, views y T-SQL con casos de estudio de empresas reales. Incluye ejercicios de Bases de Datos para consolidar el aprendizaje. Incluye una sección de preguntas frecuentes sobre SQL Server.",Bases de Datos,"Neo4j, views, T-SQL, indexación",Intermedio,Wiki interna
470,Seguridad en contenedores Docker,Guía de referencia rápida: Seguridad en contenedores Docker. Consulta práctica sobre Pulumi y logs para resolver problemas cotidianos en DevOps. Incluye snippets de código y comandos útiles.,DevOps,"Pulumi, logs, CI/CD",Básico,Documentación oficial
471,Deep linking y navegación en React Native,"En este contenido se presentan los conceptos fundamentales de Deep linking y navegación en React Native. Se explica paso a paso cómo implementar soluciones prácticas utilizando Room y Provider, con ejemplos de código y casos de uso reales. Ideal para profesionales que buscan fortalecer sus habilidades en Mobile. Se proporciona una comparativa entre Flutter y iOS.",Mobile,"Room, Provider, App Store, push notifications",Avanzado,GitHub
472,Bases de datos de series temporales con InfluxDB,"En este contenido se presentan los conceptos fundamentales de Bases de datos de series temporales con InfluxDB. Se explica paso a paso cómo implementar soluciones prácticas utilizando NoSQL y Oracle, con ejemplos de código y casos de uso reales. Ideal para profesionales que buscan fortalecer sus habilidades en Bases de Datos.",Bases de Datos,"NoSQL, Oracle, Cassandra, SQL",Básico,Webinar
473,Orquestación de pipelines con Apache Airflow,"Deep dive sobre Orquestación de pipelines con Apache Airflow. Analizamos arquitecturas modernas que combinan LightGBM y Pandas. Se incluyen diagramas, flujos de trabajo y recomendaciones para escalar soluciones en Data Science. Se proporciona una comparativa entre XGBoost y GPT.",Data Science,"LightGBM, Pandas, OpenCV, machine learning",Intermedio,Medium
474,Phishing y concientización de usuarios,"Serie de tutoriales: Phishing y concientización de usuarios. Parte 1: configuración inicial con Zero Trust. Parte 2: integración con VPN. Parte 3: despliegue y monitoreo en producción. Enfoque práctico para Seguridad. Además, se discute la integración con blockchain.",Seguridad,"Zero Trust, VPN, DDoS, SQL injection, Splunk, HSM",Básico,Libro técnico
475,Acceso a hardware: cámara y GPS en Flutter,Guía de referencia rápida: Acceso a hardware: cámara y GPS en Flutter. Consulta práctica sobre push notifications y App Store para resolver problemas cotidianos en Mobile. Incluye snippets de código y comandos útiles. Incluye una sección de preguntas frecuentes sobre estado.,Mobile,"push notifications, App Store, MVVM, Firebase, Kotlin",Avanzado,YouTube
476,Criptografía asimétrica y firma digital,"Workshop práctico: Criptografía asimétrica y firma digital. Trabajaremos con criptografía, SSO y firewall en un proyecto real. Se enfoca en la resolución de problemas comunes y la aplicación de patrones de diseño en Seguridad. Incluye una sección de preguntas frecuentes sobre hashing.",Seguridad,"criptografía, SSO, firewall, HSM, Kali Linux, Burp Suite",Básico,GitHub
477,Configuración de redes VPC en AWS,"Artículo técnico sobre Configuración de redes VPC en AWS. Comparativa entre Route 53 y Pub/Sub: ventajas, desventajas y casos de uso. Incluye benchmarks y recomendaciones para elegir la herramienta adecuada en Cloud. Finalmente, se revisan consideraciones de rendimiento con BigQuery.",Cloud,"Route 53, Pub/Sub, BigQuery, SQS, alta disponibilidad",Intermedio,GitHub
478,Pruebas unitarias en aplicaciones Kotlin,"Proyecto guiado: Pruebas unitarias en aplicaciones Kotlin. Construye paso a paso una solución completa usando React Native, SwiftUI y Google Play. Enfocado en Mobile con código disponible en GitHub. Se proporciona una comparativa entre Jetpack Compose y widgets.",Mobile,"React Native, SwiftUI, Google Play, widgets, Capacitor",Avanzado,Blog técnico
479,UI moderna con Jetpack Compose en Android,"Tutorial avanzado de UI moderna con Jetpack Compose en Android. Exploramos la integración de Expo con GetX para construir soluciones robustas. Se abordan temas como optimización, seguridad y mantenimiento en entornos de producción. Además, se discute la integración con iOS.",Mobile,"Expo, GetX, Room, Google Play, Capacitor, Dart",Avanzado,Conferencia
480,Estrategias de rollback en despliegues productivos,"Masterclass de Estrategias de rollback en despliegues productivos. Se profundiza en Docker, SRE y Packer con casos de estudio de empresas reales. Incluye ejercicios de DevOps para consolidar el aprendizaje.",DevOps,"Docker, SRE, Packer, despliegue",Básico,Dev.to
481,Automatización de infraestructura con Pulumi,"Documentación técnica sobre Automatización de infraestructura con Pulumi. Se detallan las configuraciones necesarias para Zipkin y Terraform, incluyendo troubleshooting de errores frecuentes y estrategias de monitoreo. Incluye una sección de preguntas frecuentes sobre Helm.",DevOps,"Zipkin, Terraform, Kubernetes, bash",Básico,GitHub
482,Optimización de pipelines CI/CD para velocidad,"Análisis de caso: Optimización de pipelines CI/CD para velocidad. Revisamos cómo una empresa migró de SonarQube a GitHub Actions en su plataforma de DevOps. Métricas, resultados y recomendaciones. Se proporciona una comparativa entre GitHub Actions y CI/CD.",DevOps,"SonarQube, GitHub Actions, Ansible, Vault",Avanzado,Blog técnico
483,Monitoreo y auditoría con CloudWatch y CloudTrail,"Análisis de caso: Monitoreo y auditoría con CloudWatch y CloudTrail. Revisamos cómo una empresa migró de serverless a CloudWatch en su plataforma de Cloud. Métricas, resultados y recomendaciones. Incluye una sección de preguntas frecuentes sobre CloudWatch.",Cloud,"serverless, CloudWatch, migración, Lambda, AWS",Básico,Libro técnico
484,Diseño de sistemas de diseño con Storybook,Charla técnica: Diseño de sistemas de diseño con Storybook. Se discuten los desafíos de implementar HTML5 y Styled Components en escenarios reales de Frontend. Lecciones aprendidas y errores a evitar. Se proporciona una comparativa entre Tailwind y accesibilidad.,Frontend,"HTML5, Styled Components, Vue.js, Svelte, hooks",Intermedio,YouTube
485,Seguridad en entornos cloud multi-cuenta,"Artículo técnico sobre Seguridad en entornos cloud multi-cuenta. Comparativa entre cloud native y SQS: ventajas, desventajas y casos de uso. Incluye benchmarks y recomendaciones para elegir la herramienta adecuada en Cloud. Además, se discute la integración con VPC.",Cloud,"cloud native, SQS, Fargate, backup",Intermedio,Tutorial
486,Consumo de APIs GraphQL desde el frontend,"Proyecto guiado: Consumo de APIs GraphQL desde el frontend. Construye paso a paso una solución completa usando Three.js, Storybook y Vue.js. Enfocado en Frontend con código disponible en GitHub. Se proporciona una comparativa entre TypeScript y CSS.",Frontend,"Three.js, Storybook, Vue.js, JavaScript, D3.js",Básico,Blog técnico
487,Estrategias de indexación para consultas rápidas,"Documentación técnica sobre Estrategias de indexación para consultas rápidas. Se detallan las configuraciones necesarias para PostgreSQL y SQL Server, incluyendo troubleshooting de errores frecuentes y estrategias de monitoreo. Además, se discute la integración con OLTP.",Bases de Datos,"PostgreSQL, SQL Server, CDC, DynamoDB, indexación",Avanzado,Webinar
488,Enfoques multi-cloud para reducir vendor lock-in,"Artículo técnico sobre Enfoques multi-cloud para reducir vendor lock-in. Comparativa entre AKS y RDS: ventajas, desventajas y casos de uso. Incluye benchmarks y recomendaciones para elegir la herramienta adecuada en Cloud. El contenido también cubre errores comunes al usar EventBridge.",Cloud,"AKS, RDS, Lambda",Avanzado,Tutorial
489,Dashboards interactivos con Streamlit,"Masterclass de Dashboards interactivos con Streamlit. Se profundiza en regresión, DVC y análisis de datos con casos de estudio de empresas reales. Incluye ejercicios de Data Science para consolidar el aprendizaje. El contenido también cubre errores comunes al usar deep learning.",Data Science,"regresión, DVC, análisis de datos, Hugging Face, MLflow",Intermedio,Curso online
490,Change Data Capture para sincronización en tiempo real,"Documentación técnica sobre Change Data Capture para sincronización en tiempo real. Se detallan las configuraciones necesarias para T-SQL y consultas, incluyendo troubleshooting de errores frecuentes y estrategias de monitoreo. Incluye una sección de preguntas frecuentes sobre Neo4j.",Bases de Datos,"T-SQL, consultas, indexación, NoSQL",Avanzado,Wiki interna
491,Creación de componentes reutilizables en Vue.js,"Guía de referencia rápida: Creación de componentes reutilizables en Vue.js. Consulta práctica sobre Chakra UI y D3.js para resolver problemas cotidianos en Frontend. Incluye snippets de código y comandos útiles. Finalmente, se revisan consideraciones de rendimiento con Vite.",Frontend,"Chakra UI, D3.js, Playwright, Redux, DOM, TypeScript",Avanzado,Dev.to
492,Teorema CAP y consistencia en bases distribuidas,"Serie de tutoriales: Teorema CAP y consistencia en bases distribuidas. Parte 1: configuración inicial con ORM. Parte 2: integración con backup. Parte 3: despliegue y monitoreo en producción. Enfoque práctico para Bases de Datos. Finalmente, se revisan consideraciones de rendimiento con DBeaver.",Bases de Datos,"ORM, backup, PostgreSQL, consultas",Básico,Libro técnico
493,Optimización de consultas SQL en PostgreSQL,"Documentación técnica sobre Optimización de consultas SQL en PostgreSQL. Se detallan las configuraciones necesarias para Express y JUnit, incluyendo troubleshooting de errores frecuentes y estrategias de monitoreo.",Backend,"Express, JUnit, PHP, MySQL",Avanzado,Tutorial
494,Infraestructura como código con Terraform,"Deep dive sobre Infraestructura como código con Terraform. Analizamos arquitecturas modernas que combinan GitOps y HAProxy. Se incluyen diagramas, flujos de trabajo y recomendaciones para escalar soluciones en DevOps. El contenido también cubre errores comunes al usar Istio.",DevOps,"GitOps, HAProxy, monitoring, Datadog, bash, escalabilidad",Avanzado,YouTube
495,Configuración de Vite para proyectos modernos,"Charla técnica: Configuración de Vite para proyectos modernos. Se discuten los desafíos de implementar Recoil y CSS en escenarios reales de Frontend. Lecciones aprendidas y errores a evitar. Además, se discute la integración con Tailwind.",Frontend,"Recoil, CSS, Framer Motion, Tailwind",Intermedio,Medium
496,Gestión de estado global con Redux Toolkit,"Tutorial avanzado de Gestión de estado global con Redux Toolkit. Exploramos la integración de Ant Design con GSAP para construir soluciones robustas. Se abordan temas como optimización, seguridad y mantenimiento en entornos de producción. Incluye una sección de preguntas frecuentes sobre Playwright.",Frontend,"Ant Design, GSAP, Service Workers, Cypress",Intermedio,Blog técnico
497,Persistencia local con Room y Core Data,"En este contenido se presentan los conceptos fundamentales de Persistencia local con Room y Core Data. Se explica paso a paso cómo implementar soluciones prácticas utilizando Jetpack Compose y Realm, con ejemplos de código y casos de uso reales. Ideal para profesionales que buscan fortalecer sus habilidades en Mobile. Se proporciona una comparativa entre Dart y Retrofit.",Mobile,"Jetpack Compose, Realm, cámara",Intermedio,Curso online
498,Almacenamiento de objetos con Amazon S3,"Tutorial avanzado de Almacenamiento de objetos con Amazon S3. Exploramos la integración de Cloud Storage con alta disponibilidad para construir soluciones robustas. Se abordan temas como optimización, seguridad y mantenimiento en entornos de producción.",Cloud,"Cloud Storage, alta disponibilidad, Cloud SQL, autoescalado, Route 53, Azure",Avanzado,Documentación oficial
499,Análisis de tráfico de red con Wireshark,"Introducción práctica a Análisis de tráfico de red con Wireshark. Este material cubre desde los conceptos básicos hasta técnicas avanzadas usando DDoS, VPN y OpenID. Perfecto para equipos que inician proyectos de Seguridad.",Seguridad,"DDoS, VPN, OpenID",Básico,Dev.to
500,Animaciones fluidas con Framer Motion,"Proyecto guiado: Animaciones fluidas con Framer Motion. Construye paso a paso una solución completa usando Material UI, ESLint y Storybook. Enfocado en Frontend con código disponible en GitHub. Finalmente, se revisan consideraciones de rendimiento con TypeScript.",Frontend,"Material UI, ESLint, Storybook, Playwright, Cypress, Svelte",Avanzado,Documentación oficial
